id,????????,????,????,start,end
1,571QA,FC5713911,16,0,150
1,571QA,FC5713907,12,0,150
1,571CK,FC5713896,24,0,150
1,571FT,FC5713893,26,0,150
1,571CL,FC5713890,10,0,150
1,571KF,FC5713888,16,0,150
1,571PG,FC5713883,26,0,150
1,571HN,FC5713880,24,0,150
1,571CL,FC5713874,6,0,150
1,571CL,FC5713872,4,0,150
1,571CL,FC5713870,6,0,150
1,571QE,FC5713868,16,0,150
1,571HJ,FC5713865,8,0,150
1,571FB,FC5713863,20,0,150
1,571AG,FC5713861,10,0,150
1,571CC,FC5713856,8,0,150
1,571NF,FC5713853,18,0,150
1,571B,FC5713851,40,0,150
1,571NF,FC5713844,18,0,150
1,571NF,FC5713842,28,0,150
1,571AE,FC5713840,12,0,150
1,571DJ,FC5713836,16,0,150
1,571DJ,FC5713832,20,0,150
1,571CK,FC5713830,24,0,150
1,571HC,FC5713828,14,0,150
1,571HJ,FC5713825,4,0,150
1,571FA,FC5713823,6,0,150
1,571CC,FC5713821,6,0,150
1,571PB,FC5713819,90,0,150
1,571PB,FC5713817,80,0,150
1,571PB,FC5713814,90,0,150
1,571LD,FC5713812,10,0,150
1,571LD,FC5713805,8,0,150
1,571LD,FC5713803,12,0,150
1,571LD,FC5713801,12,0,150
1,571AC,FC5713799,14,0,150
1,571DJ,FC5713795,18,0,150
1,571DJ,FC5713793,20,0,150
1,571AC,FC5713791,16,0,150
1,571QD,FC5713789,16,0,150
1,571CL,FC5713787,10,0,150
1,571FN,FC5713785,30,0,150
1,571DA,FC5713783,10,0,150
1,571QD,FC5713781,16,0,150
1,571CK,FC5713779,18,0,150
1,571HN,FC5713777,18,0,150
1,571AE,FC5713775,14,0,150
1,571NF,FC5713770,26,0,150
1,571CL,FC5713767,6,0,150
1,571HJ,FC5713765,6,0,150
1,571DA,FC5713761,6,0,150
1,571DA,FC5713759,6,0,150
1,571DA,FC5713757,4,0,150
1,571DA,FC5713755,6,0,150
1,571KF,FC5713753,16,0,150
1,571QE,FC5713751,16,0,150
1,571DB,FC5713749,30,0,150
1,571JB,FC5713747,44,0,150
1,571PB,FC5713745,54,0,150
1,571LH,FC5713743,46,0,150
1,571FT,FC5713740,18,0,150
1,571CL,FC5713738,6,0,150
1,571CL,FC5713736,10,0,150
1,571CL,FC5713734,10,0,150
1,571PG,FC5713730,18,0,150
1,571QE,FC5713726,16,0,150
1,571CK,FC5713724,22,0,150
1,571PG,FC5713722,16,0,150
1,571AC,FC5713720,14,0,150
1,571HB,FC5713718,34,0,150
1,571AG,FC5713716,14,0,150
1,571QD,FC5713709,18,0,150
1,571QD,FC5713707,18,0,150
1,571QE,FC5713703,14,0,150
1,571QE,FC5713701,8,0,150
1,571QE,FC5713699,8,0,150
1,571QE,FC5713697,14,0,150
1,571QE,FC5713695,12,0,150
1,571QE,FC5713693,10,0,150
1,571TD,FC5713686,50,0,150
1,571QF,FC5713684,26,0,150
1,571HJ,FC5713682,6,0,150
1,571PD,FC5713680,22,0,150
1,571PD,FC5713677,14,0,150
1,571FA,FC5713675,8,0,150
1,571AJ,FC5713673,28,0,150
1,571DC,FC5713671,28,0,150
1,571FC,FC5713669,6,0,150
1,571PD,FC5713667,14,0,150
1,571CL,FC5713665,10,0,150
1,571HK,FC5713663,22,0,150
1,571DJ,FC5713661,14,0,150
1,571CS,FC5713659,42,0,150
1,571QD,FC5713657,14,0,150
1,571CK,FC5713655,20,0,150
1,571EA,FC5713646,40,0,150
1,571DJ,FC5713644,16,0,150
1,571HC,FC5713639,16,0,150
1,571PH,FC5713633,62,0,150
1,571PG,FC5713629,22,0,150
1,571AC,FC5713627,10,0,150
1,571FA,FC5713625,8,0,150
1,571K,FC5713622,12,0,150
1,571QF,FC5713608,26,0,150
1,571DC,FC5713606,36,0,150
1,571DC,FC5713604,36,0,150
1,571AE,FC5713602,12,0,150
1,571DB,FC5713600,40,0,150
1,571HN,FC5713598,28,0,150
1,571QA,FC5713594,12,0,150
1,571QE,FC5713591,10,0,150
1,571PC,FC5713589,36,0,150
1,571AC,FC5713587,16,0,150
1,571PB,FC5713585,90,0,150
1,571PB,FC5713583,90,0,150
1,571P,FC5713581,20,0,150
1,571CK,FC5713579,22,0,150
1,571FC,FC5713577,8,0,150
1,571FT,FC5713575,30,0,150
1,571CK,FC5713572,12,0,150
1,571HC,FC5713568,16,0,150
1,571FB,FC5713566,14,0,150
1,571D,FC5713564,28,0,150
1,571KF,FC5713562,8,0,150
1,571NF,FC5713560,18,0,150
1,571DA,FC5713558,6,0,150
1,571DA,FC5713556,6,0,150
1,571DA,FC5713552,6,0,150
1,571DA,FC5713550,10,0,150
1,571PG,FC5713543,18,0,150
1,571FF,FC5713541,10,0,150
1,571FF,FC5713539,10,0,150
1,571NC,FC5713537,22,0,150
1,571K,FC5713535,24,0,150
1,571AG,FC5713533,10,0,150
1,571AG,FC5713531,10,0,150
1,571AG,FC5713525,14,0,150
1,571PG,FC5713523,14,0,150
1,571PG,FC5713521,18,0,150
1,571PG,FC5713519,22,0,150
1,571CS,FC5713517,52,0,150
1,571D,FC5713515,32,0,150
1,571K,FC5713513,20,0,150
1,571CC,FC5713511,8,0,150
1,571FF,FC5713509,8,0,150
1,571FF,FC5713507,8,0,150
1,571FC,FC5713503,6,0,150
1,571HJ,FC5713501,6,0,150
1,571FH,FC5713499,6,0,150
1,571CK,FC5713495,10,0,150
1,571AC,FC5713493,16,0,150
1,571CD,FC5713491,18,0,150
1,571KF,FC5713489,12,0,150
1,571CK,FC5713485,18,0,150
1,571CD,FC5713483,18,0,150
1,571CD,FC5713481,18,0,150
1,571CD,FC5713479,18,0,150
1,571AQ,FC5713477,6,0,150
1,571AQ,FC5713475,6,0,150
1,571FF,FC5713473,8,0,150
1,571FH,FC5713471,6,0,150
1,571AQ,FC5713469,8,0,150
1,571DA,FC5713467,4,0,150
1,571FF,FC5713463,12,0,150
1,571FH,FC5713461,10,0,150
1,571FC,FC5713459,6,0,150
1,571KF,FC5713457,8,0,150
1,571PD,FC5713454,18,0,150
1,571AD,FC5713452,18,0,150
1,571AD,FC5713450,14,0,150
1,571AD,FC5713448,14,0,150
1,571AD,FC5713446,14,0,150
1,571QE,FC5713444,6,0,150
1,571KL,FC5713442,32,0,150
1,571FF,FC5713440,14,0,150
1,571CL,FC5713438,6,0,150
1,571CK,FC5713436,14,0,150
1,571QE,FC5713434,12,0,150
1,571QE,FC5713432,8,0,150
1,571AE,FC5713430,12,0,150
1,571FC,FC5713428,6,0,150
1,571QE,FC5713422,10,0,150
1,571FF,FC5713418,8,0,150
1,571FF,FC5713416,10,0,150
1,571PF,FC5713414,8,0,150
1,571AG,FC5713410,10,0,150
1,571NC,FC5713408,22,0,150
1,571CS,FC5713406,52,0,150
1,571PC,FC5713404,60,0,150
1,571FC,FC5713402,10,0,150
1,571BM,FC5713400,52,0,150
1,571DC,FC5713398,36,0,150
1,571TM,FC5713392,12,0,150
1,571D,FC5713389,32,0,150
1,571AE,FC5713387,14,0,150
1,571HJ,FC5713385,6,0,150
1,571FA,FC5713383,8,0,150
1,571FH,FC5713381,10,0,150
1,571FC,FC5713379,6,0,150
1,571CL,FC5713377,6,0,150
1,571HC,FC5713373,16,0,150
1,571TM,FC5713371,12,0,150
1,571K,FC5713369,18,0,150
1,571CC,FC5713367,6,0,150
1,571LD,FC5713365,12,0,150
1,571CK,FC5713363,12,0,150
1,571CK,FC5713361,12,0,150
1,571TM,FC5713358,12,0,150
1,571HK,FC5713352,14,0,150
1,571HC,FC5713350,20,0,150
1,571PD,FC5713348,28,0,150
1,571CK,FC5713342,12,0,150
1,571LB,FC5713340,30,0,150
1,571HK,FC5713338,24,0,150
1,571KA,FC5713336,24,0,150
1,571CS,FC5713334,62,0,150
1,571AG,FC5713330,14,0,150
1,571HJ,FC5713327,6,0,150
1,571CS,FC5713325,42,0,150
1,571KF,FC5713323,14,0,150
1,571AG,FC5713319,10,0,150
1,571FH,FC5713311,6,0,150
1,571FC,FC5713309,10,0,150
1,571E,FC5713307,62,0,150
1,571AC,FC5713305,16,0,150
1,571FF,FC5713302,8,0,150
1,571QE,FC5713300,8,0,150
1,571PB,FC5713298,58,0,150
1,571KA,FC5713293,22,0,150
1,571FH,FC5713290,8,0,150
1,571FC,FC5713288,6,0,150
1,571AE,FC5713286,16,0,150
1,571AG,FC5713284,18,0,150
1,571FC,FC5713280,6,0,150
1,571QF,FC5713274,26,0,150
1,571DC,FC5713272,42,0,150
1,571FF,FC5713270,16,0,150
1,571FC,FC5713268,6,0,150
1,571CC,FC5713266,10,0,150
1,571QA,FC5713262,16,0,150
1,571CK,FC5713260,12,0,150
1,571AG,FC5713257,10,0,150
1,571DB,FC5713255,30,0,150
1,571CL,FC5713253,6,0,150
1,571PB,FC5713247,46,0,150
1,571DA,FC5713242,6,0,150
1,571AQ,FC5713240,10,0,150
1,571PF,FC5713238,22,0,150
1,571FX,FC5713233,68,0,150
1,571PD,FC5713231,14,0,150
1,571KL,FC5713229,40,0,150
1,571KL,FC5713227,32,0,150
1,571CC,FC5713225,6,0,150
1,571PD,FC5713223,24,0,150
1,571FB,FC5713221,20,0,150
1,571CK,FC5713217,24,0,150
1,571FA,FC5713215,10,0,150
1,571HJ,FC5713213,4,0,150
1,571QC,FC5713211,16,0,150
1,571AG,FC5713209,16,0,150
1,571QC,FC5713207,10,0,150
1,571QC,FC5713205,10,0,150
1,571JB,FC5713203,60,0,150
1,571CD,FC5713199,16,0,150
1,571AC,FC5713197,20,0,150
1,571CL,FC5713194,6,0,150
1,571NC,FC5713192,26,0,150
1,571AQ,FC5713190,8,0,150
1,571PF,FC5713181,18,0,150
1,571CC,FC5713179,6,0,150
1,571HC,FC5713177,16,0,150
1,571QD,FC5713175,14,0,150
1,571HJ,FC5713169,6,0,150
1,571HJ,FC5713167,6,0,150
1,571TD,FC5713165,26,0,150
1,571NC,FC5713163,26,0,150
1,571TD,FC5713161,32,0,150
1,571DC,FC5713157,50,0,150
1,571KF,FC5713155,8,0,150
1,571CC,FC5713153,6,0,150
1,571CD,FC5713151,12,0,150
1,571JB,FC5713149,36,0,150
1,571AJ,FC5713147,28,0,150
1,571AG,FC5713145,10,0,150
1,571FC,FC5713137,6,0,150
1,571HJ,FC5713135,6,0,150
1,571FC,FC5713133,6,0,150
1,571AG,FC5713124,20,0,150
1,571B,FC5713122,48,0,150
1,571AA,FC5713120,14,0,150
1,571QA,FC5713118,22,0,150
1,571QA,FC5713116,8,0,150
1,571QF,FC5713114,32,0,150
1,571PF,FC5713112,14,0,150
1,571KT,FC5713110,16,0,150
1,571K,FC5713108,12,0,150
1,571FC,FC5713106,10,0,150
1,571HK,FC5713104,12,0,150
1,571CL,FC5713101,6,0,150
1,571HJ,FC5713099,6,0,150
1,571QF,FC5713095,20,0,150
1,571QC,FC5713093,10,0,150
1,571FC,FC5713091,6,0,150
1,571CL,FC5713085,4,0,150
1,571FM,FC5713083,44,0,150
1,571DB,FC5713079,26,0,150
1,571KT,FC5713077,12,0,150
1,571DA,FC5713075,4,0,150
1,571DA,FC5713073,6,0,150
1,571AG,FC5713067,10,0,150
1,571CC,FC5713065,6,0,150
1,571CC,FC5713063,6,0,150
1,571LB,FC5713061,18,0,150
1,571LB,FC5713059,14,0,150
1,571AE,FC5713052,12,0,150
1,571JB,FC5713050,36,0,150
1,571KF,FC5713048,12,0,150
1,571CD,FC5713046,12,0,150
1,571TM,FC5713042,12,0,150
1,571HJ,FC5713040,6,0,150
1,571D,FC5713038,44,0,150
1,571E,FC5713036,62,0,150
1,571K,FC5713032,12,0,150
1,571DA,FC5713030,10,0,150
1,571PD,FC5713027,18,0,150
1,571CK,FC5713025,12,0,150
1,571CL,FC5713023,8,0,150
1,571FF,FC5713019,14,0,150
1,571FA,FC5713017,6,0,150
1,571FA,FC5713015,8,0,150
1,571CC,FC5713013,8,0,150
1,571FC,FC5713011,6,0,150
1,571KT,FC5713009,14,0,150
1,571LH,FC5713007,46,0,150
1,571FF,FC5713005,8,0,150
1,571CD,FC5713000,12,0,150
1,571AD,FC5712998,22,0,150
1,571QE,FC5712996,6,0,150
1,571AC,FC5712993,14,0,150
1,571NC,FC5712989,20,0,150
1,571QE,FC5712987,12,0,150
1,571AA,FC5712985,20,0,150
1,571DA,FC5712983,6,0,150
1,571AC,FC5712980,20,0,150
1,571AD,FC5712978,18,0,150
1,571D,FC5712976,22,0,150
1,571FC,FC5712974,6,0,150
1,571HN,FC5712970,28,0,150
1,571AC,FC5712968,18,0,150
1,571QE,FC5712966,10,0,150
1,571QE,FC5712964,12,0,150
1,571QE,FC5712962,12,0,150
1,571AJ,FC5712960,24,0,150
1,571CD,FC5712958,16,0,150
1,571DC,FC5712956,56,0,150
1,571QA,FC5712954,12,0,150
1,571CS,FC5712948,32,0,150
1,571PH,FC5712946,74,0,150
1,571KF,FC5712944,16,0,150
1,571FM,FC5712938,56,0,150
1,571TM,FC5712936,16,0,150
1,571LB,FC5712934,18,0,150
1,571FA,FC5712932,14,0,150
1,571QE,FC5712924,16,0,150
1,571AD,FC5712922,18,0,150
1,571QD,FC5712920,18,0,150
1,571FT,FC5712918,18,0,150
1,571FC,FC5712916,6,0,150
1,571HJ,FC5712914,6,0,150
1,571KJ,FC5712912,76,0,150
1,571DA,FC5712910,6,0,150
1,571QC,FC5712908,10,0,150
1,571PG,FC5712904,18,0,150
1,571QC,FC5712902,18,0,150
1,571QE,FC5712898,16,0,150
1,571NC,FC5712896,30,0,150
1,571FX,FC5712894,88,0,150
1,571FN,FC5712890,30,0,150
1,571QC,FC5712888,20,0,150
1,571KJ,FC5712886,60,0,150
1,571FF,FC5712884,10,0,150
1,571CC,FC5712881,6,0,150
1,571DC,FC5712877,56,0,150
1,571KA,FC5712874,18,0,150
1,571FB,FC5712872,20,0,150
1,571CD,FC5712870,12,0,150
1,571AD,FC5712868,12,0,150
1,571KT,FC5712866,12,0,150
1,571KA,FC5712864,18,0,150
1,571B,FC5712862,30,0,150
1,571AE,FC5712858,12,0,150
1,571FC,FC5712856,10,0,150
1,571AG,FC5712850,16,0,150
1,571LD,FC5712846,8,0,150
1,571HJ,FC5712844,4,0,150
1,571QD,FC5712842,14,0,150
1,571CL,FC5712840,4,0,150
1,571FP,FC5712838,40,0,150
1,571CL,FC5712836,6,0,150
1,571AC,FC5712834,10,0,150
1,571AF,FC5712832,46,0,150
1,571CK,FC5712830,18,0,150
1,571BM,FC5712822,48,0,150
1,571HN,FC5712820,14,0,150
1,571HB,FC5712818,24,0,150
1,571FA,FC5712816,12,0,150
1,571FM,FC5712814,56,0,150
1,571KL,FC5712810,26,0,150
1,571AJ,FC5712808,24,0,150
1,571HC,FC5712806,22,0,150
1,571BM,FC5712802,64,0,150
1,571B,FC5712800,58,0,150
1,571AD,FC5712798,12,0,150
1,571FA,FC5712796,6,0,150
1,571HJ,FC5712794,4,0,150
1,571PF,FC5712792,14,0,150
1,571AC,FC5712788,16,0,150
1,571QA,FC5712786,18,0,150
1,571CK,FC5712784,14,0,150
1,571D,FC5712782,16,0,150
1,571AE,FC5712780,8,0,150
1,571NC,FC5712778,30,0,150
1,571JB,FC5712776,36,0,150
1,571PG,FC5712774,22,0,150
1,571AC,FC5712772,16,0,150
1,571AA,FC5712768,14,0,150
1,571CC,FC5712766,4,0,150
1,571AD,FC5712763,14,0,150
1,571AD,FC5712761,14,0,150
1,571AD,FC5712759,14,0,150
1,571AD,FC5712757,14,0,150
1,571BM,FC5712755,52,0,150
1,571AQ,FC5712751,8,0,150
1,571AQ,FC5712749,8,0,150
1,571QD,FC5712747,14,0,150
1,571FB,FC5712744,14,0,150
1,571FB,FC5712742,16,0,150
1,571KT,FC5712740,22,0,150
1,571PC,FC5712738,40,0,150
1,571K,FC5712735,24,0,150
1,571K,FC5712733,16,0,150
1,571AA,FC5712731,24,0,150
1,571NC,FC5712727,22,0,150
1,571HJ,FC5712725,6,0,150
1,571PB,FC5712723,36,0,150
1,571QE,FC5712718,8,0,150
1,571JB,FC5712708,36,0,150
1,571HJ,FC5712700,6,0,150
1,571B,FC5712698,30,0,150
1,571CK,FC5712696,12,0,150
1,571K,FC5712694,16,0,150
1,571KM,FC5712690,108,0,150
1,571PC,FC5712688,40,0,150
1,571FX,FC5712686,46,0,150
1,571FP,FC5712682,32,0,150
1,571CL,FC5712680,6,0,150
1,571PG,FC5712678,14,0,150
1,571QF,FC5712676,26,0,150
1,571CL,FC5712669,4,0,150
1,571FM,FC5712665,44,0,150
1,571LD,FC5712663,6,0,150
1,571TM,FC5712661,8,0,150
1,571B,FC5712659,46,0,150
1,571HB,FC5712657,34,0,150
1,571KA,FC5712655,14,0,150
1,571AE,FC5712653,10,0,150
1,571CL,FC5712649,10,0,150
1,571FF,FC5712647,6,0,150
1,571J,FC5712645,40,0,150
1,571DA,FC5712643,4,0,150
1,571AG,FC5712641,10,0,150
1,571DA,FC5712639,6,0,150
1,571PD,FC5712637,14,0,150
1,571CL,FC5712635,10,0,150
1,571AD,FC5712633,14,0,150
1,571PC,FC5712630,32,0,150
1,571FA,FC5712628,6,0,150
1,571PG,FC5712626,22,0,150
1,571CL,FC5712624,4,0,150
1,571AD,FC5712622,14,0,150
1,571KL,FC5712620,26,0,150
1,571D,FC5712618,32,0,150
1,571PF,FC5712611,12,0,150
1,571FM,FC5712609,44,0,150
1,571QD,FC5712604,18,0,150
1,571QE,FC5712600,8,0,150
1,571HN,FC5712598,18,0,150
1,571NF,FC5712596,18,0,150
1,571DA,FC5712594,6,0,150
1,571FF,FC5712592,16,0,150
1,571QC,FC5712588,14,0,150
1,571QC,FC5712586,10,0,150
1,571QC,FC5712584,14,0,150
1,571QC,FC5712582,14,0,150
1,571QC,FC5712580,14,0,150
1,571QD,FC5712577,14,0,150
1,571KL,FC5712575,26,0,150
1,571DB,FC5712573,20,0,150
1,571HB,FC5712569,24,0,150
1,571DA,FC5712567,6,0,150
1,571AC,FC5712565,16,0,150
1,571FC,FC5712552,6,0,150
1,571DC,FC5712550,42,0,150
1,571BM,FC5712546,40,0,150
1,571CL,FC5712537,6,0,150
1,571KF,FC5712535,8,0,150
1,571CL,FC5712533,4,0,150
1,571JB,FC5712531,68,0,150
1,571KF,FC5712527,6,0,150
1,571QE,FC5712525,10,0,150
1,571QE,FC5712523,8,0,150
1,571QA,FC5712521,16,0,150
1,571AF,FC5712519,32,0,150
1,571QE,FC5712517,10,0,150
1,571FH,FC5712513,10,0,150
1,571HB,FC5712511,24,0,150
1,571HB,FC5712508,24,0,150
1,571FC,FC5712506,6,0,150
1,571HJ,FC5712501,6,0,150
1,571CL,FC5712499,6,0,150
1,571CC,FC5712497,6,0,150
1,571CK,FC5712495,12,0,150
1,571KJ,FC5712493,76,0,150
1,571NC,FC5712491,14,0,150
1,571J,FC5712488,32,0,150
1,571CL,FC5712486,4,0,150
1,571DC,FC5712478,28,0,150
1,571PG,FC5712476,18,0,150
1,571TD,FC5712474,32,0,150
1,571HN,FC5712470,14,0,150
1,571AD,FC5712468,18,0,150
1,571AA,FC5712466,14,0,150
1,571PF,FC5712464,16,0,150
1,571DA,FC5712462,6,0,150
1,571AJ,FC5712452,24,0,150
1,571QE,FC5712450,8,0,150
1,571QC,FC5712448,16,0,150
1,571FB,FC5712446,24,0,150
1,571K,FC5712442,12,0,150
1,571AQ,FC5712440,8,0,150
1,571HN,FC5712438,18,0,150
1,571AF,FC5712436,46,0,150
1,571HN,FC5712434,10,0,150
1,571AJ,FC5712432,18,0,150
1,571AJ,FC5712430,18,0,150
1,571DA,FC5712428,4,0,150
1,571FH,FC5712426,6,0,150
1,571TM,FC5712424,12,0,150
1,571KL,FC5712419,26,0,150
1,571NC,FC5712417,18,0,150
1,571TM,FC5712415,12,0,150
1,571AJ,FC5712413,14,0,150
1,571AJ,FC5712411,18,0,150
1,571QD,FC5712404,22,0,150
1,571FB,FC5712402,24,0,150
1,571K,FC5712400,10,0,150
1,571KF,FC5712398,8,0,150
1,571QF,FC5712396,20,0,150
1,571AA,FC5712383,16,0,150
1,571QD,FC5712381,14,0,150
1,571HK,FC5712379,16,0,150
1,571PG,FC5712369,18,0,150
1,571PB,FC5712367,52,0,150
1,571CC,FC5712365,6,0,150
1,571FC,FC5712363,6,0,150
1,571KB,FC5712361,64,0,150
1,571FM,FC5712359,36,0,150
1,571AE,FC5712354,12,0,150
1,571CS,FC5712352,32,0,150
1,571HC,FC5712350,22,0,150
1,571HC,FC5712348,22,0,150
1,571QE,FC5712346,10,0,150
1,571QE,FC5712344,14,0,150
1,571KA,FC5712342,28,0,150
1,571KF,FC5712340,8,0,150
1,571FN,FC5712337,24,0,150
1,571DA,FC5712332,4,0,150
1,571FF,FC5712326,12,0,150
1,571HB,FC5712324,44,0,150
1,571K,FC5712315,12,0,150
1,571AG,FC5712311,8,0,150
1,571PG,FC5712309,10,0,150
1,571FH,FC5712307,4,0,150
1,571D,FC5712303,18,0,150
1,571CC,FC5712299,6,0,150
1,571K,FC5712297,18,0,150
1,571LD,FC5712295,4,0,150
1,571PD,FC5712291,14,0,150
1,571LD,FC5712289,8,0,150
1,571LD,FC5712287,6,0,150
1,571LD,FC5712285,6,0,150
1,571KT,FC5712283,12,0,150
1,571KA,FC5712279,18,0,150
1,571CL,FC5712275,8,0,150
1,571CL,FC5712271,4,0,150
1,571QE,FC5712269,8,0,150
1,571PG,FC5712267,14,0,150
1,571AA,FC5712265,16,0,150
1,571P,FC5712259,14,0,150
1,571FF,FC5712257,8,0,150
1,571FF,FC5712255,8,0,150
1,571AF,FC5712252,18,0,150
1,571PF,FC5712250,16,0,150
1,571PF,FC5712248,14,0,150
1,571QA,FC5712246,6,0,150
1,571HN,FC5712244,14,0,150
1,571HB,FC5712242,24,0,150
1,571KT,FC5712240,8,0,150
1,571KB,FC5712238,28,0,150
1,571CL,FC5712236,6,0,150
1,571AE,FC5712234,14,0,150
1,571AE,FC5712232,10,0,150
1,571NF,FC5712229,12,0,150
1,571AJ,FC5712227,10,0,150
1,571AJ,FC5712224,18,0,150
1,571AJ,FC5712222,18,0,150
1,571AJ,FC5712220,18,0,150
1,571QD,FC5712218,18,0,150
1,571AC,FC5712212,8,0,150
1,571CD,FC5712210,12,0,150
1,571CL,FC5712204,6,0,150
1,571QC,FC5712202,20,0,150
1,571EA,FC5712200,44,0,150
1,571QC,FC5712198,16,0,150
1,571AA,FC5712196,14,0,150
1,571FF,FC5712194,14,0,150
1,571K,FC5712192,10,0,150
1,571QC,FC5712187,10,0,150
1,571AG,FC5712185,10,0,150
1,571PG,FC5712183,14,0,150
1,571PG,FC5712180,26,0,150
1,571AE,FC5712177,8,0,150
1,571TM,FC5712173,8,0,150
1,571FM,FC5712171,30,0,150
1,571CD,FC5712169,12,0,150
1,571FM,FC5712167,30,0,150
1,571CD,FC5712165,12,0,150
1,571AM,FC5712163,12,0,150
1,571QA,FC5712161,12,0,150
1,571QA,FC5712159,8,0,150
1,571AD,FC5712155,12,0,150
1,571D,FC5712153,12,0,150
1,571FA,FC5712150,6,0,150
1,571FF,FC5712148,4,0,150
1,571E,FC5712146,32,0,150
1,571AG,FC5712144,10,0,150
1,571AC,FC5712142,10,0,150
1,571PF,FC5712139,14,0,150
1,571KJ,FC5712136,60,0,150
1,571FF,FC5712134,8,0,150
1,571CD,FC5712132,18,0,150
1,571CD,FC5712130,10,0,150
1,571AC,FC5712128,10,0,150
1,571AD,FC5712126,18,0,150
1,571FH,FC5712124,8,0,150
1,571FH,FC5712122,8,0,150
1,571CK,FC5712120,12,0,150
1,571CK,FC5712118,24,0,150
1,571PD,FC5712116,14,0,150
1,571PD,FC5712114,14,0,150
1,571PD,FC5712112,14,0,150
1,571DA,FC5712110,4,0,150
1,571HC,FC5712108,8,0,150
1,571DJ,FC5712104,20,0,150
1,571DA,FC5712097,6,0,150
1,571JB,FC5712095,36,0,150
1,571QA,FC5712093,6,0,150
1,571J,FC5712088,22,0,150
1,571DB,FC5712086,16,0,150
1,571NF,FC5712084,14,0,150
1,571QA,FC5712082,12,0,150
1,571AF,FC5712080,18,0,150
1,571QE,FC5712078,6,0,150
1,571D,FC5712076,12,0,150
1,571LH,FC5712073,14,0,150
1,571HK,FC5712071,12,0,150
1,571AD,FC5712067,28,0,150
1,571KA,FC5712064,14,0,150
1,571E,FC5712062,32,0,150
1,571HC,FC5712060,8,0,150
1,571FC,FC5712056,2,0,150
1,571AC,FC5712054,10,0,150
1,571AC,FC5712051,6,0,150
1,571AQ,FC5712049,10,0,150
1,571AQ,FC5712047,10,0,150
1,571FL,FC5712045,10,0,150
1,571AD,FC5712041,12,0,150
1,571LB,FC5712039,22,0,150
1,571QD,FC5712037,28,0,150
1,571CK,FC5712035,12,0,150
1,571HN,FC5712033,18,0,150
1,571FF,FC5712020,10,0,150
1,571FC,FC5712018,6,0,150
1,571CC,FC5712016,6,0,150
1,571CC,FC5712014,6,0,150
1,571AC,FC5712012,6,0,150
1,571PG,FC5712009,14,0,150
1,571PG,FC5712007,26,0,150
1,571J,FC5712004,32,0,150
1,571JB,FC5712001,36,0,150
1,571AD,FC5711998,14,0,150
1,571P,FC5711996,20,0,150
1,571HJ,FC5711992,4,0,150
1,571HJ,FC5711990,6,0,150
1,571K,FC5711986,10,0,150
1,571PD,FC5711984,14,0,150
1,571FC,FC5711982,4,0,150
1,571CC,FC5711980,6,0,150
1,571PH,FC5711978,50,0,150
1,571QE,FC5711976,8,0,150
1,571QE,FC5711974,6,0,150
1,571NC,FC5711972,18,0,150
1,571AF,FC5711970,24,0,150
1,571KJ,FC5711968,112,0,150
1,571FC,FC5711962,6,0,150
1,571D,FC5711958,18,0,150
1,571KT,FC5711956,12,0,150
1,571CS,FC5711954,32,0,150
1,571KT,FC5711952,12,0,150
1,571HN,FC5711950,18,0,150
1,571QF,FC5711948,26,0,150
1,571KT,FC5711946,12,0,150
1,571CL,FC5711944,2,0,150
1,571AM,FC5711941,18,0,150
1,571PF,FC5711939,8,0,150
1,571CL,FC5711937,6,0,150
1,571PB,FC5711935,46,0,150
1,571PB,FC5711933,46,0,150
1,571FH,FC5711930,6,0,150
1,571FH,FC5711927,6,0,150
1,571FH,FC5711925,10,0,150
1,571FC,FC5711923,10,0,150
1,571FC,FC5711921,6,0,150
1,571AM,FC5711919,18,0,150
1,571AM,FC5711917,30,0,150
1,571HN,FC5711913,18,0,150
1,571KJ,FC5711906,42,0,150
1,571PG,FC5711904,18,0,150
1,571AF,FC5711902,24,0,150
1,571QD,FC5711892,12,0,150
1,571QD,FC5711890,12,0,150
1,571QD,FC5711888,14,0,150
1,571FC,FC5711884,2,0,150
1,571CK,FC5711882,18,0,150
1,571D,FC5711880,22,0,150
1,571KA,FC5711878,26,0,150
1,571D,FC5711876,12,0,150
1,571QD,FC5711872,12,0,150
1,571FA,FC5711870,6,0,150
1,571PD,FC5711867,8,0,150
1,571AM,FC5711863,16,0,150
1,571AE,FC5711861,10,0,150
1,571CL,FC5711859,10,0,150
1,571PF,FC5711857,12,0,150
1,571CK,FC5711855,24,0,150
1,571NC,FC5711853,14,0,150
1,571CL,FC5711851,4,0,150
1,571AA,FC5711839,16,0,150
1,571HN,FC5711837,14,0,150
1,571FF,FC5711831,6,0,150
1,571KB,FC5711829,38,0,150
1,571FB,FC5711825,26,0,150
1,571AM,FC5711821,12,0,150
1,571AC,FC5711816,10,0,150
1,571NF,FC5711809,12,0,150
1,571QA,FC5711807,8,0,150
1,571BM,FC5711805,40,0,150
1,571CD,FC5711803,12,0,150
1,571PF,FC5711801,8,0,150
1,571CS,FC5711799,32,0,150
1,571AD,FC5711795,14,0,150
1,571HC,FC5711792,12,0,150
1,571AC,FC5711790,10,0,150
1,571KT,FC5711788,12,0,150
1,571AC,FC5711786,6,0,150
1,571AC,FC5711784,20,0,150
1,571AC,FC5711782,8,0,150
1,571AQ,FC5711780,8,0,150
1,571AA,FC5711776,16,0,150
1,571AD,FC5711772,14,0,150
1,571KJ,FC5711770,76,0,150
1,571AF,FC5711768,32,0,150
1,571AJ,FC5711766,18,0,150
1,571NF,FC5711762,12,0,150
1,571E,FC5711759,14,0,150
1,571D,FC5711757,18,0,150
1,571FA,FC5711755,8,0,150
1,571CC,FC5711753,6,0,150
1,571PD,FC5711751,14,0,150
1,571EA,FC5711746,36,0,150
1,571QE,FC5711744,8,0,150
1,571QE,FC5711742,6,0,150
1,571AC,FC5711738,10,0,150
1,571QA,FC5711736,8,0,150
1,571AD,FC5711734,12,0,150
1,571KB,FC5711732,16,0,150
1,571PD,FC5711730,14,0,150
1,571PD,FC5711728,14,0,150
1,571FB,FC5711726,16,0,150
1,571CS,FC5711719,42,0,150
1,571P,FC5711717,10,0,150
1,571PB,FC5711715,46,0,150
1,571PB,FC5711713,58,0,150
1,571PB,FC5711711,46,0,150
1,571FC,FC5711708,8,0,150
1,571KT,FC5711704,12,0,150
1,571CL,FC5711702,6,0,150
1,571CC,FC5711700,8,0,150
1,571AE,FC5711694,10,0,150
1,571CL,FC5711692,4,0,150
1,571QD,FC5711683,14,0,150
1,571QD,FC5711681,14,0,150
1,571KL,FC5711679,26,0,150
1,571PF,FC5711677,12,0,150
1,571PF,FC5711675,14,0,150
1,571D,FC5711673,18,0,150
1,571CD,FC5711671,12,0,150
1,571CL,FC5711669,4,0,150
1,571CL,FC5711667,4,0,150
1,571PG,FC5711665,22,0,150
1,571QD,FC5711659,22,0,150
1,571QD,FC5711657,14,0,150
1,571CL,FC5711655,6,0,150
1,571AG,FC5711653,8,0,150
1,571AG,FC5711651,8,0,150
1,571CD,FC5711649,10,0,150
1,571AG,FC5711647,10,0,150
1,571AG,FC5711645,10,0,150
1,571CS,FC5711643,32,0,150
1,571KB,FC5711641,38,0,150
1,571HC,FC5711639,14,0,150
1,571DC,FC5711634,16,0,150
1,571AD,FC5711630,8,0,150
1,571P,FC5711628,24,0,150
1,571KA,FC5711626,12,0,150
1,571AC,FC5711624,8,0,150
1,571AC,FC5711622,10,0,150
1,571AQ,FC5711620,4,0,150
1,571CK,FC5711618,10,0,150
1,571AA,FC5711616,16,0,150
1,571CL,FC5711610,6,0,150
1,571E,FC5711608,32,0,150
1,571KL,FC5711602,18,0,150
1,571DJ,FC5711600,12,0,150
1,571AC,FC5711596,8,0,150
1,571AA,FC5711593,16,0,150
1,571KJ,FC5711591,60,0,150
1,571KF,FC5711589,8,0,150
1,571B,FC5711587,40,0,150
1,571B,FC5711585,22,0,150
1,571FC,FC5711582,6,0,150
1,571PC,FC5711580,22,0,150
1,571AJ,FC5711576,24,0,150
1,571FA,FC5711574,6,0,150
1,571PC,FC5711572,40,0,150
1,571FT,FC5711570,14,0,150
1,571FT,FC5711568,18,0,150
1,571AC,FC5711566,10,0,150
1,571KT,FC5711564,8,0,150
1,571KT,FC5711562,12,0,150
1,571QE,FC5711560,12,0,150
1,571AA,FC5711556,20,0,150
1,571AQ,FC5711547,6,0,150
1,571FC,FC5711545,8,0,150
1,571AJ,FC5711543,14,0,150
1,571CL,FC5711541,6,0,150
1,571HC,FC5711539,8,0,150
1,571E,FC5711537,46,0,150
1,571AC,FC5711535,14,0,150
1,571CL,FC5711533,10,0,150
1,571QE,FC5711529,6,0,150
1,571FM,FC5711525,36,0,150
1,571D,FC5711522,22,0,150
1,571KF,FC5711518,8,0,150
1,571CL,FC5711516,8,0,150
1,571KA,FC5711513,14,0,150
1,571AG,FC5711511,8,0,150
1,571CL,FC5711509,6,0,150
1,571LB,FC5711507,26,0,150
1,571E,FC5711505,18,0,150
1,571KB,FC5711503,38,0,150
1,571FB,FC5711499,8,0,150
1,571QC,FC5711497,14,0,150
1,571CD,FC5711495,12,0,150
1,571KF,FC5711491,14,0,150
1,571KF,FC5711489,8,0,150
1,571K,FC5711487,12,0,150
1,571KF,FC5711484,8,0,150
1,571TM,FC5711480,8,0,150
1,571AD,FC5711478,14,0,150
1,571AD,FC5711476,14,0,150
1,571PB,FC5711472,58,0,150
1,571K,FC5711470,10,0,150
1,571KT,FC5711468,12,0,150
1,571PD,FC5711466,8,0,150
1,571PD,FC5711464,14,0,150
1,571PB,FC5711461,68,0,150
1,571KT,FC5711459,12,0,150
1,571KT,FC5711457,12,0,150
1,571PB,FC5711455,46,0,150
1,571AQ,FC5711453,6,0,150
1,571AA,FC5711448,10,0,150
1,571AA,FC5711446,14,0,150
1,571AE,FC5711444,10,0,150
1,571AD,FC5711442,14,0,150
1,571QD,FC5711440,22,0,150
1,571PC,FC5711438,32,0,150
1,571TM,FC5711436,12,0,150
1,571J,FC5711434,40,0,150
1,571DB,FC5711432,26,0,150
1,571JB,FC5711430,36,0,150
1,571AF,FC5711428,24,0,150
1,571HJ,FC5711426,4,0,150
1,571FC,FC5711424,6,0,150
1,571HJ,FC5711422,6,0,150
1,571AG,FC5711420,14,0,150
1,571KJ,FC5711418,42,0,150
1,571NC,FC5711416,14,0,150
1,571JB,FC5711414,20,0,150
1,571FF,FC5711410,10,0,150
1,571BM,FC5711408,28,0,150
1,571FF,FC5711406,10,0,150
1,571DC,FC5711404,28,0,150
1,571HC,FC5711400,6,0,150
1,571TM,FC5711398,6,0,150
1,571HN,FC5711396,14,0,150
1,571QE,FC5711394,10,0,150
1,571CD,FC5711378,12,0,150
1,571AG,FC5711374,10,0,150
1,571QE,FC5711372,6,0,150
1,571PF,FC5711370,6,0,150
1,571AC,FC5711368,10,0,150
1,571PF,FC5711366,6,0,150
1,571E,FC5711362,40,0,150
1,571E,FC5711360,32,0,150
1,571DJ,FC5711358,20,0,150
1,571CK,FC5711350,14,0,150
1,571HB,FC5711342,28,0,150
1,571KB,FC5711340,38,0,150
1,571KB,FC5711338,38,0,150
1,571FC,FC5711334,6,0,150
1,571CK,FC5711332,16,0,150
1,571CK,FC5711330,16,0,150
1,571FC,FC5711328,6,0,150
1,571PG,FC5711326,18,0,150
1,571AQ,FC5711322,10,0,150
1,571AQ,FC5711320,8,0,150
1,571AA,FC5711316,10,0,150
1,571AQ,FC5711311,8,0,150
1,571AQ,FC5711309,8,0,150
1,571QA,FC5711307,12,0,150
1,571J,FC5711305,22,0,150
1,571AA,FC5711303,10,0,150
1,571AD,FC5711301,12,0,150
1,571AM,FC5711294,12,0,150
1,571BM,FC5711292,28,0,150
1,571HC,FC5711288,12,0,150
1,571DA,FC5711285,4,0,150
1,571DA,FC5711283,6,0,150
1,571KF,FC5711281,4,0,150
1,571FF,FC5711279,8,0,150
1,571LD,FC5711277,10,0,150
1,571QA,FC5711275,18,0,150
1,571D,FC5711273,20,0,150
1,571LD,FC5711271,6,0,150
1,571CL,FC5711269,2,0,150
1,571AD,FC5711266,14,0,150
1,571LD,FC5711264,8,0,150
1,571PC,FC5711262,18,0,150
1,571CD,FC5711260,12,0,150
1,571E,FC5711258,24,0,150
1,571KL,FC5711256,32,0,150
1,571CS,FC5711254,22,0,150
1,571KT,FC5711252,10,0,150
1,571KL,FC5711250,26,0,150
1,571PC,FC5711248,28,0,150
1,571CS,FC5711246,32,0,150
1,571HJ,FC5711244,6,0,150
1,571FF,FC5711242,4,0,150
1,571FN,FC5711240,24,0,150
1,571FN,FC5711238,30,0,150
1,571CC,FC5711236,8,0,150
1,571FC,FC5711234,8,0,150
1,571CL,FC5711232,6,0,150
1,571AC,FC5711230,16,0,150
1,571AA,FC5711228,14,0,150
1,571HC,FC5711226,8,0,150
1,571KJ,FC5711224,34,0,150
1,571AC,FC5711218,10,0,150
1,571CL,FC5711216,8,0,150
1,571CK,FC5711214,14,0,150
1,571KF,FC5711212,12,0,150
1,571CK,FC5711210,10,0,150
1,571CL,FC5711208,6,0,150
1,571CL,FC5711206,8,0,150
1,571FC,FC5711204,4,0,150
1,571FC,FC5711202,6,0,150
1,571CD,FC5711200,12,0,150
1,571PF,FC5711198,8,0,150
1,571FF,FC5711195,12,0,150
1,571FL,FC5711192,40,0,150
1,571QC,FC5711188,4,0,150
1,571AJ,FC5711186,18,0,150
1,571AM,FC5711184,20,0,150
1,571QE,FC5711182,6,0,150
1,571PH,FC5711180,22,0,150
1,571KL,FC5711177,48,0,150
1,571KJ,FC5711175,76,0,150
1,571PF,FC5711173,12,0,150
1,571HC,FC5711171,14,0,150
1,571D,FC5711169,10,0,150
1,571NC,FC5711167,24,0,150
1,571TM,FC5711165,10,0,150
1,571AF,FC5711163,36,0,150
1,571DA,FC5711161,4,0,150
1,571D,FC5711157,16,0,150
1,571PB,FC5711155,32,0,150
1,571KA,FC5711149,8,0,150
1,571AE,FC5711147,12,0,150
1,571DA,FC5711145,4,0,150
1,571CL,FC5711141,4,0,150
1,571DJ,FC5711139,8,0,150
1,571PC,FC5711129,18,0,150
1,571HJ,FC5711126,2,0,150
1,571HJ,FC5711124,4,0,150
1,571FC,FC5711122,2,0,150
1,571KA,FC5711116,20,0,150
1,571EA,FC5711112,32,0,150
1,571PD,FC5711108,8,0,150
1,571CD,FC5711105,16,0,150
1,571D,FC5711102,10,0,150
1,571D,FC5711100,12,0,150
1,571PD,FC5711098,12,0,150
1,571KL,FC5711096,14,0,150
1,571KT,FC5711094,10,0,150
1,571KJ,FC5711092,70,0,150
1,571HN,FC5711090,12,0,150
1,571AJ,FC5711087,8,0,150
1,571CL,FC5711083,4,0,150
1,571LD,FC5711079,6,0,150
1,571PD,FC5711074,12,0,150
1,571PF,FC5711072,10,0,150
1,571PF,FC5711070,8,0,150
1,571PF,FC5711068,8,0,150
1,571QD,FC5711064,12,0,150
1,571QD,FC5711062,10,0,150
1,571AF,FC5711054,28,0,150
1,571QA,FC5711052,8,0,150
1,571AA,FC5711050,8,0,150
1,571PD,FC5711048,6,0,150
1,571LH,FC5711046,10,0,150
1,571AE,FC5711044,4,0,150
1,571QD,FC5711042,12,0,150
1,571KA,FC5711040,14,0,150
1,571DA,FC5711038,4,0,150
1,571AC,FC5711034,8,0,150
1,571HB,FC5711016,32,0,150
1,571QE,FC5711014,4,0,150
1,571LB,FC5711012,18,0,150
1,571QE,FC5711010,4,0,150
1,571CC,FC5711008,2,0,150
1,571QA,FC5711006,10,0,150
1,571QA,FC5711004,10,0,150
1,571QE,FC5711002,14,0,150
1,571QC,FC5711000,10,0,150
1,571PD,FC5710998,14,0,150
1,571QD,FC5710996,26,0,150
1,571NC,FC5710991,16,0,150
1,571FA,FC5710983,4,0,150
1,571FF,FC5710980,8,0,150
1,571AF,FC5710977,18,0,150
1,571FH,FC5710975,10,0,150
1,571KA,FC5710973,14,0,150
1,571HJ,FC5710971,2,0,150
1,571AJ,FC5710968,10,0,150
1,571JB,FC5710964,20,0,150
1,571FC,FC5710962,4,0,150
1,571AG,FC5710960,10,0,150
1,571PC,FC5710957,32,0,150
1,571KB,FC5710955,38,0,150
1,571AJ,FC5710953,14,0,150
1,571AD,FC5710949,12,0,150
1,571EA,FC5710946,18,0,150
1,571CS,FC5710944,42,0,150
1,571E,FC5710938,14,0,150
1,571HC,FC5710936,16,0,150
1,571TM,FC5710933,6,0,150
1,571FP,FC5710929,30,0,150
1,571FB,FC5710920,12,0,150
1,571E,FC5710918,14,0,150
1,571DA,FC5710914,4,0,150
1,571KF,FC5710912,8,0,150
1,571HJ,FC5710910,4,0,150
1,571DA,FC5710908,4,0,150
1,571PF,FC5710906,12,0,150
1,571PH,FC5710902,44,0,150
1,571DJ,FC5710900,12,0,150
1,571DJ,FC5710898,12,0,150
1,571DJ,FC5710896,6,0,150
1,571QC,FC5710894,4,0,150
1,571AC,FC5710891,8,0,150
1,571CL,FC5710887,8,0,150
1,571FP,FC5710885,28,0,150
1,571LB,FC5710883,20,0,150
1,571QD,FC5710881,12,0,150
1,571FB,FC5710877,18,0,150
1,571CD,FC5710873,6,0,150
1,571HJ,FC5710871,4,0,150
1,571AD,FC5710869,10,0,150
1,571DJ,FC5710864,8,0,150
1,571TD,FC5710862,12,0,150
1,571FC,FC5710858,8,0,150
1,571LH,FC5710856,16,0,150
1,571CC,FC5710854,6,0,150
1,571KF,FC5710852,10,0,150
1,571FF,FC5710848,8,0,150
1,571AA,FC5710846,12,0,150
1,571FH,FC5710843,4,0,150
1,571FH,FC5710841,4,0,150
1,571FA,FC5710839,6,0,150
1,571FH,FC5710836,4,0,150
1,571JB,FC5710828,24,0,150
1,571LD,FC5710826,8,0,150
1,571QE,FC5710824,6,0,150
1,571PC,FC5710821,22,0,150
1,571QC,FC5710819,10,0,150
1,571AF,FC5710817,18,0,150
1,571DJ,FC5710815,6,0,150
1,571DJ,FC5710813,6,0,150
1,571DJ,FC5710811,6,0,150
1,571QD,FC5710808,12,0,150
1,571QA,FC5710800,8,0,150
1,571FF,FC5710798,6,0,150
1,571QA,FC5710796,6,0,150
1,571KA,FC5710794,8,0,150
1,571KA,FC5710791,8,0,150
1,571KL,FC5710788,18,0,150
1,571B,FC5710786,22,0,150
1,571PC,FC5710783,18,0,150
1,571CC,FC5710781,2,0,150
1,571QE,FC5710779,10,0,150
1,571PD,FC5710777,12,0,150
1,571PD,FC5710775,16,0,150
1,571TM,FC5710773,16,0,150
1,571PD,FC5710771,14,0,150
1,571PD,FC5710769,26,0,150
1,571PD,FC5710765,16,0,150
1,571PD,FC5710763,16,0,150
1,571AG,FC5710761,10,0,150
1,571AE,FC5710759,4,0,150
1,571AE,FC5710757,6,0,150
1,571AC,FC5710755,8,0,150
1,571FC,FC5710753,6,0,150
1,571CD,FC5710751,6,0,150
1,571HB,FC5710749,20,0,150
1,571KA,FC5710746,14,0,150
1,571BM,FC5710744,24,0,150
1,571CD,FC5710738,8,0,150
1,571HN,FC5710734,14,0,150
1,571QD,FC5710732,12,0,150
1,571QF,FC5710729,12,0,150
1,571AD,FC5710727,10,0,150
1,571JB,FC5710724,16,0,150
1,571AA,FC5710722,22,0,150
1,571QA,FC5710720,8,0,150
1,571AJ,FC5710718,12,0,150
1,571EA,FC5710716,32,0,150
1,571B,FC5710714,18,0,150
1,571QE,FC5710712,4,0,150
1,571FF,FC5710708,8,0,150
1,571CC,FC5710706,6,0,150
1,571FF,FC5710704,4,0,150
1,571PD,FC5710702,6,0,150
1,571QC,FC5710700,8,0,150
1,571CD,FC5710698,6,0,150
1,571DA,FC5710692,2,0,150
1,571QE,FC5710690,4,0,150
1,571J,FC5710686,40,0,150
1,571BM,FC5710684,24,0,150
1,571FC,FC5710673,4,0,150
1,571AA,FC5710671,14,0,150
1,571JB,FC5710669,40,0,150
1,571FM,FC5710665,26,0,150
1,571AD,FC5710663,14,0,150
1,571B,FC5710659,18,0,150
1,571FC,FC5710657,2,0,150
1,571FA,FC5710649,4,0,150
1,571CL,FC5710646,4,0,150
1,571NC,FC5710644,8,0,150
1,571LB,FC5710640,14,0,150
1,571CD,FC5710637,6,0,150
1,571CD,FC5710635,6,0,150
1,571QE,FC5710633,4,0,150
1,571AE,FC5710629,8,0,150
1,571LB,FC5710624,10,0,150
1,571KL,FC5710622,22,0,150
1,571QA,FC5710618,4,0,150
1,571FC,FC5710616,6,0,150
1,571FL,FC5710614,18,0,150
1,571E,FC5710612,44,0,150
1,571AC,FC5710610,4,0,150
1,571FF,FC5710608,8,0,150
1,571FB,FC5710604,12,0,150
1,571AD,FC5710602,6,0,150
1,571QE,FC5710600,6,0,150
1,571AE,FC5710598,8,0,150
1,571JB,FC5710595,64,0,150
1,571QD,FC5710593,6,0,150
1,571CC,FC5710591,2,0,150
1,571QA,FC5710589,6,0,150
1,571PC,FC5710587,18,0,150
1,571FF,FC5710583,10,0,150
1,571KJ,FC5710581,34,0,150
1,571FT,FC5710575,16,0,150
1,571FC,FC5710573,10,0,150
1,571FF,FC5710571,12,0,150
1,571PH,FC5710569,34,0,150
1,571PD,FC5710567,10,0,150
1,571PB,FC5710565,42,0,150
1,571FC,FC5710563,2,0,150
1,571KA,FC5710561,14,0,150
1,571DB,FC5710557,18,0,150
1,571DA,FC5710555,2,0,150
1,571DC,FC5710553,12,0,150
1,571FM,FC5710551,14,0,150
1,571PG,FC5710533,24,0,150
1,571FC,FC5710531,4,0,150
1,571NC,FC5710527,24,0,150
1,571B,FC5710525,44,0,150
1,571AF,FC5710523,42,0,150
1,571KF,FC5710521,6,0,150
1,571FA,FC5710519,4,0,150
1,571QF,FC5710517,12,0,150
1,571KT,FC5710512,8,0,150
1,571AD,FC5710510,10,0,150
1,571CC,FC5710500,10,0,150
1,571QE,FC5710498,6,0,150
1,571FA,FC5710496,4,0,150
1,571KL,FC5710494,14,0,150
1,571EA,FC5710492,16,0,150
1,571DA,FC5710488,4,0,150
1,571PD,FC5710486,12,0,150
1,571KL,FC5710484,30,0,150
1,571AD,FC5710480,10,0,150
1,571QA,FC5710476,4,0,150
1,571CL,FC5710474,4,0,150
1,571PG,FC5710472,12,0,150
1,571E,FC5710470,22,0,150
1,571QE,FC5710465,4,0,150
1,571NC,FC5710463,24,0,150
1,571EA,FC5710460,24,0,150
1,571EA,FC5710458,16,0,150
1,571JB,FC5710453,32,0,150
1,571PD,FC5710451,6,0,150
1,571AQ,FC5710447,6,0,150
1,571AQ,FC5710444,4,0,150
1,571AC,FC5710442,20,0,150
1,571D,FC5710440,24,0,150
1,571D,FC5710438,16,0,150
1,571HC,FC5710436,6,0,150
1,571QE,FC5710434,4,0,150
1,571QE,FC5710432,4,0,150
1,571PF,FC5710426,8,0,150
1,571E,FC5710421,14,0,150
1,571E,FC5710418,14,0,150
1,571CL,FC5710415,4,0,150
1,571CK,FC5710411,8,0,150
1,571PD,FC5710409,20,0,150
1,571BM,FC5710407,36,0,150
1,571QC,FC5710402,8,0,150
1,571AG,FC5710400,4,0,150
1,571AC,FC5710398,4,0,150
1,571AA,FC5710395,8,0,150
1,571AA,FC5710393,8,0,150
1,571AC,FC5710391,4,0,150
1,571KA,FC5710387,14,0,150
1,571HJ,FC5710385,4,0,150
1,571AA,FC5710379,14,0,150
1,571CS,FC5710377,38,0,150
1,571TM,FC5710375,10,0,150
1,571FC,FC5710373,6,0,150
1,571AQ,FC5710371,2,0,150
1,571PD,FC5710369,12,0,150
1,571CL,FC5710359,6,0,150
1,571KL,FC5710357,14,0,150
1,571KA,FC5710355,10,0,150
1,571DC,FC5710353,12,0,150
1,571AQ,FC5710351,2,0,150
1,571AG,FC5710349,4,0,150
1,571PG,FC5710347,16,0,150
1,571KL,FC5710345,14,0,150
1,571CD,FC5710343,12,0,150
1,571DJ,FC5710341,6,0,150
1,571PD,FC5710339,6,0,150
1,571PH,FC5710337,34,0,150
1,571KF,FC5710333,4,0,150
1,571DA,FC5710331,2,0,150
1,571CD,FC5710328,6,0,150
1,571KJ,FC5710324,76,0,150
1,571PB,FC5710322,20,0,150
1,571JB,FC5710320,24,0,150
1,571PF,FC5710318,4,0,150
1,571AD,FC5710312,14,0,150
1,571KT,FC5710308,4,0,150
1,571KT,FC5710306,8,0,150
1,571CC,FC5710304,6,0,150
1,571FN,FC5710302,36,0,150
1,571CC,FC5710299,2,0,150
1,571BM,FC5710297,24,0,150
1,571D,FC5710295,18,0,150
1,571CC,FC5710291,2,0,150
1,571AE,FC5710286,4,0,150
1,571AF,FC5710281,22,0,150
1,571B,FC5710278,26,0,150
1,571AC,FC5710276,8,0,150
1,571FF,FC5710274,10,0,150
1,571CS,FC5710272,28,0,150
1,571AF,FC5710270,14,0,150
1,571PH,FC5710268,22,0,150
1,571JB,FC5710266,16,0,150
1,571CL,FC5710261,4,0,150
1,571AC,FC5710259,10,0,150
1,571LD,FC5710256,6,0,150
1,571K,FC5710253,8,0,150
1,571K,FC5710251,10,0,150
1,571CL,FC5710249,2,0,150
1,571PH,FC5710247,44,0,150
1,571FB,FC5710245,12,0,150
1,571AE,FC5710242,4,0,150
1,571HB,FC5710240,10,0,150
1,571CD,FC5710237,12,0,150
1,571QC,FC5710235,8,0,150
1,571QC,FC5710233,4,0,150
1,571CK,FC5710231,10,0,150
1,571KA,FC5710227,6,0,150
1,571PH,FC5710225,34,0,150
1,571FF,FC5710221,4,0,150
1,571HN,FC5710215,6,0,150
1,571PF,FC5710213,10,0,150
1,571KF,FC5710211,6,0,150
1,571KF,FC5710209,6,0,150
1,571AG,FC5710207,14,0,150
1,571DC,FC5710205,12,0,150
1,571QE,FC5710203,4,0,150
1,571TM,FC5710201,6,0,150
1,571PH,FC5710199,22,0,150
1,571PH,FC5710197,22,0,150
1,571PF,FC5710195,8,0,150
1,571PF,FC5710192,4,0,150
1,571PF,FC5710190,4,0,150
1,571HN,FC5710188,18,0,150
1,571E,FC5710179,14,0,150
1,571CD,FC5710177,12,0,150
1,571NC,FC5710169,16,0,150
1,571CD,FC5710167,8,0,150
1,571CL,FC5710165,4,0,150
1,571PF,FC5710163,4,0,150
1,571D,FC5710161,16,0,150
1,571QD,FC5710159,12,0,150
1,571AQ,FC5710156,6,0,150
1,571QC,FC5710154,10,0,150
1,571PF,FC5710152,4,0,150
1,571QD,FC5710149,6,0,150
1,571CL,FC5710146,2,0,150
1,571KF,FC5710144,6,0,150
1,571CD,FC5710141,12,0,150
1,571QD,FC5710139,10,0,150
1,571PF,FC5710137,12,0,150
1,571AE,FC5710134,6,0,150
1,571QA,FC5710132,14,0,150
1,571CL,FC5710130,6,0,150
1,571LB,FC5710128,20,0,150
1,571AD,FC5710126,10,0,150
1,571AD,FC5710124,16,0,150
1,571HN,FC5710122,16,0,150
1,571AE,FC5710117,6,0,150
1,571NF,FC5710113,26,0,150
1,571AD,FC5710110,6,0,150
1,571AD,FC5710108,20,0,150
1,571CS,FC5710106,28,0,150
1,571KT,FC5710104,10,0,150
1,571KT,FC5710102,10,0,150
1,571QC,FC5710100,4,0,150
1,571PF,FC5710098,8,0,150
1,571P,FC5710096,12,0,150
1,571PH,FC5710094,22,0,150
1,571AQ,FC5710092,2,0,150
1,571KT,FC5710090,4,0,150
1,571AQ,FC5710088,2,0,150
1,571P,FC5710086,16,0,150
1,571QA,FC5710084,10,0,150
1,571AF,FC5710081,14,0,150
1,571CD,FC5710077,8,0,150
1,571FF,FC5710075,8,0,150
1,571LD,FC5710073,12,0,150
1,571HJ,FC5710071,4,0,150
1,571FC,FC5710069,2,0,150
1,571FC,FC5710067,4,0,150
1,571PG,FC5710065,12,0,150
1,571QC,FC5710063,4,0,150
1,571CL,FC5710061,4,0,150
1,571KA,FC5710059,10,0,150
1,571KA,FC5710057,6,0,150
1,571PC,FC5710054,18,0,150
1,571E,FC5710052,14,0,150
1,571FC,FC5710050,2,0,150
1,571PD,FC5710044,6,0,150
1,571AD,FC5710042,6,0,150
1,571CC,FC5710038,2,0,150
1,571CL,FC5710034,8,0,150
1,571PD,FC5710032,6,0,150
1,571DA,FC5710024,4,0,150
1,571KJ,FC5710022,68,0,150
1,571QA,FC5710020,8,0,150
1,571QE,FC5710016,6,0,150
1,571QA,FC5710013,4,0,150
1,571AD,FC5710010,6,0,150
1,571CD,FC5710008,6,0,150
1,571QA,FC5710006,4,0,150
1,571CD,FC5710004,8,0,150
1,571CD,FC5710002,12,0,150
