id,¼¯É¢µã,·á³²¹ñ,volume,start,end
1,571D,FC5710006,2,0,270
1,571D,FC5710009,3,0,270
1,571D,FC5710010,3,0,270
1,571D,FC5710011,9,0,270
1,571D,FC5710013,2,0,270
1,571D,FC5710017,13,0,270
1,571D,FC5710020,4,0,270
1,571D,FC5710023,8,0,270
1,571D,FC5710024,2,0,270
1,571D,FC5710042,3,0,270
1,571D,FC5710080,2,0,270
1,571D,FC5710084,5,0,270
1,571D,FC5710087,9,0,270
1,571D,FC5710097,5,0,270
1,571D,FC5710107,5,0,270
1,571D,FC5710108,10,0,270
1,571D,FC5710109,3,0,270
1,571D,FC5710110,3,0,270
1,571D,FC5710124,8,0,270
1,571D,FC5710125,8,0,270
1,571D,FC5710126,5,0,270
1,571D,FC5710132,7,0,270
1,571D,FC5710143,3,0,270
1,571D,FC5710144,3,0,270
1,571D,FC5710161,8,0,270
1,571D,FC5710204,18,0,270
1,571D,FC5710209,3,0,270
1,571D,FC5710211,3,0,270
1,571D,FC5710214,4,0,270
1,571D,FC5710255,5,0,270
1,571D,FC5710265,12,0,270
1,571D,FC5710266,8,0,270
1,571D,FC5710278,13,0,270
1,571D,FC5710295,9,0,270
1,571D,FC5710296,3,0,270
1,571D,FC5710311,7,0,270
1,571D,FC5710312,7,0,270
1,571D,FC5710317,18,0,270
1,571D,FC5710320,12,0,270
1,571D,FC5710330,3,0,270
1,571D,FC5710331,1,0,270
1,571D,FC5710332,1,0,270
1,571D,FC5710333,2,0,270
1,571D,FC5710341,3,0,270
1,571D,FC5710345,7,0,270
1,571D,FC5710357,7,0,270
1,571D,FC5710382,7,0,270
1,571D,FC5710414,3,0,270
1,571D,FC5710437,18,0,270
1,571D,FC5710438,8,0,270
1,571D,FC5710440,12,0,270
1,571D,FC5710453,16,0,270
1,571D,FC5710476,2,0,270
1,571D,FC5710480,5,0,270
1,571D,FC5710484,15,0,270
1,571D,FC5710487,1,0,270
1,571D,FC5710488,2,0,270
1,571D,FC5710489,11,0,270
1,571D,FC5710493,7,0,270
1,571D,FC5710494,7,0,270
1,571D,FC5710510,5,0,270
1,571D,FC5710521,3,0,270
1,571D,FC5710524,22,0,270
1,571D,FC5710525,22,0,270
1,571D,FC5710526,9,0,270
1,571D,FC5710548,2,0,270
1,571D,FC5710554,2,0,270
1,571D,FC5710555,1,0,270
1,571D,FC5710557,9,0,270
1,571D,FC5710562,3,0,270
1,571D,FC5710580,7,0,270
1,571D,FC5710589,3,0,270
1,571D,FC5710595,32,0,270
1,571D,FC5710602,3,0,270
1,571D,FC5710618,2,0,270
1,571D,FC5710621,11,0,270
1,571D,FC5710622,11,0,270
1,571D,FC5710625,9,0,270
1,571D,FC5710650,2,0,270
1,571D,FC5710659,9,0,270
1,571D,FC5710663,7,0,270
1,571D,FC5710664,5,0,270
1,571D,FC5710669,20,0,270
1,571D,FC5710686,20,0,270
1,571D,FC5710692,1,0,270
1,571D,FC5710711,7,0,270
1,571D,FC5710714,9,0,270
1,571D,FC5710719,5,0,270
1,571D,FC5710720,4,0,270
1,571D,FC5710724,8,0,270
1,571D,FC5710727,5,0,270
1,571D,FC5710737,9,0,270
1,571D,FC5710752,2,0,270
1,571D,FC5710786,11,0,270
1,571D,FC5710788,9,0,270
1,571D,FC5710790,8,0,270
1,571D,FC5710793,9,0,270
1,571D,FC5710796,3,0,270
1,571D,FC5710799,6,0,270
1,571D,FC5710800,4,0,270
1,571D,FC5710810,18,0,270
1,571D,FC5710811,3,0,270
1,571D,FC5710812,5,0,270
1,571D,FC5710813,3,0,270
1,571D,FC5710814,3,0,270
1,571D,FC5710815,3,0,270
1,571D,FC5710828,12,0,270
1,571D,FC5710835,7,0,270
1,571D,FC5710852,5,0,270
1,571D,FC5710863,12,0,270
1,571D,FC5710864,4,0,270
1,571D,FC5710865,4,0,270
1,571D,FC5710869,5,0,270
1,571D,FC5710896,3,0,270
1,571D,FC5710897,2,0,270
1,571D,FC5710898,6,0,270
1,571D,FC5710899,6,0,270
1,571D,FC5710900,6,0,270
1,571D,FC5710908,2,0,270
1,571D,FC5710911,2,0,270
1,571D,FC5710912,4,0,270
1,571D,FC5710914,2,0,270
1,571D,FC5710919,3,0,270
1,571D,FC5710921,7,0,270
1,571D,FC5710941,2,0,270
1,571D,FC5710949,6,0,270
1,571D,FC5710950,10,0,270
1,571D,FC5710963,3,0,270
1,571D,FC5710964,10,0,270
1,571D,FC5711001,3,0,270
1,571D,FC5711004,5,0,270
1,571D,FC5711005,5,0,270
1,571D,FC5711006,5,0,270
1,571D,FC5711013,12,0,270
1,571D,FC5711019,3,0,270
1,571D,FC5711024,2,0,270
1,571D,FC5711037,20,0,270
1,571D,FC5711038,2,0,270
1,571D,FC5711047,3,0,270
1,571D,FC5711052,4,0,270
1,571D,FC5711096,7,0,270
1,571D,FC5711099,9,0,270
1,571D,FC5711100,6,0,270
1,571D,FC5711101,5,0,270
1,571D,FC5711102,5,0,270
1,571D,FC5711110,4,0,270
1,571D,FC5711139,4,0,270
1,571D,FC5711144,4,0,270
1,571D,FC5711145,2,0,270
1,571D,FC5711146,2,0,270
1,571D,FC5711148,4,0,270
1,571D,FC5711156,5,0,270
1,571D,FC5711157,8,0,270
1,571D,FC5711160,2,0,270
1,571D,FC5711161,2,0,270
1,571D,FC5711162,2,0,270
1,571D,FC5711164,6,0,270
1,571D,FC5711168,5,0,270
1,571D,FC5711169,5,0,270
1,571D,FC5711170,2,0,270
1,571D,FC5711172,6,0,270
1,571D,FC5711177,24,0,270
1,571D,FC5711212,6,0,270
1,571D,FC5711250,13,0,270
1,571D,FC5711256,16,0,270
1,571D,FC5711263,6,0,270
1,571D,FC5711266,7,0,270
1,571D,FC5711273,10,0,270
1,571D,FC5711275,9,0,270
1,571D,FC5711276,10,0,270
1,571D,FC5711281,2,0,270
1,571D,FC5711283,3,0,270
1,571D,FC5711284,2,0,270
1,571D,FC5711285,2,0,270
1,571D,FC5711300,4,0,270
1,571D,FC5711301,6,0,270
1,571D,FC5711305,11,0,270
1,571D,FC5711307,6,0,270
1,571D,FC5711308,11,0,270
1,571D,FC5711357,7,0,270
1,571D,FC5711358,10,0,270
1,571D,FC5711359,5,0,270
1,571D,FC5711365,6,0,270
1,571D,FC5711405,7,0,270
1,571D,FC5711414,10,0,270
1,571D,FC5711417,7,0,270
1,571D,FC5711429,11,0,270
1,571D,FC5711430,18,0,270
1,571D,FC5711432,13,0,270
1,571D,FC5711433,20,0,270
1,571D,FC5711434,20,0,270
1,571D,FC5711439,10,0,270
1,571D,FC5711442,7,0,270
1,571D,FC5711452,8,0,270
1,571D,FC5711476,7,0,270
1,571D,FC5711477,7,0,270
1,571D,FC5711478,7,0,270
1,571D,FC5711484,4,0,270
1,571D,FC5711485,5,0,270
1,571D,FC5711489,4,0,270
1,571D,FC5711491,7,0,270
1,571D,FC5711506,6,0,270
1,571D,FC5711518,4,0,270
1,571D,FC5711522,11,0,270
1,571D,FC5711530,10,0,270
1,571D,FC5711557,8,0,270
1,571D,FC5711567,2,0,270
1,571D,FC5711585,11,0,270
1,571D,FC5711586,29,0,270
1,571D,FC5711587,20,0,270
1,571D,FC5711588,4,0,270
1,571D,FC5711589,4,0,270
1,571D,FC5711599,20,0,270
1,571D,FC5711600,6,0,270
1,571D,FC5711602,9,0,270
1,571D,FC5711629,11,0,270
1,571D,FC5711630,4,0,270
1,571D,FC5711673,9,0,270
1,571D,FC5711679,13,0,270
1,571D,FC5711680,11,0,270
1,571D,FC5711693,4,0,270
1,571D,FC5711722,25,0,270
1,571D,FC5711731,7,0,270
1,571D,FC5711734,6,0,270
1,571D,FC5711735,11,0,270
1,571D,FC5711736,4,0,270
1,571D,FC5711757,9,0,270
1,571D,FC5711772,7,0,270
1,571D,FC5711795,7,0,270
1,571D,FC5711806,4,0,270
1,571D,FC5711807,4,0,270
1,571D,FC5711808,3,0,270
1,571D,FC5711813,10,0,270
1,571D,FC5711820,2,0,270
1,571D,FC5711822,2,0,270
1,571D,FC5711836,7,0,270
1,571D,FC5711858,9,0,270
1,571D,FC5711868,1,0,270
1,571D,FC5711873,7,0,270
1,571D,FC5711876,6,0,270
1,571D,FC5711880,11,0,270
1,571D,FC5711949,11,0,270
1,571D,FC5711958,9,0,270
1,571D,FC5711959,6,0,270
1,571D,FC5711998,7,0,270
1,571D,FC5712000,3,0,270
1,571D,FC5712001,18,0,270
1,571D,FC5712002,26,0,270
1,571D,FC5712004,16,0,270
1,571D,FC5712041,6,0,270
1,571D,FC5712067,14,0,270
1,571D,FC5712075,11,0,270
1,571D,FC5712076,6,0,270
1,571D,FC5712079,6,0,270
1,571D,FC5712081,6,0,270
1,571D,FC5712082,6,0,270
1,571D,FC5712085,8,0,270
1,571D,FC5712086,8,0,270
1,571D,FC5712088,11,0,270
1,571D,FC5712089,6,0,270
1,571D,FC5712092,13,0,270
1,571D,FC5712093,3,0,270
1,571D,FC5712095,18,0,270
1,571D,FC5712097,3,0,270
1,571D,FC5712103,5,0,270
1,571D,FC5712104,10,0,270
1,571D,FC5712105,7,0,270
1,571D,FC5712109,6,0,270
1,571D,FC5712110,2,0,270
1,571D,FC5712121,7,0,270
1,571D,FC5712126,9,0,270
1,571D,FC5712127,39,0,270
1,571D,FC5712152,11,0,270
1,571D,FC5712153,6,0,270
1,571D,FC5712155,6,0,270
1,571D,FC5712156,5,0,270
1,571D,FC5712158,4,0,270
1,571D,FC5712159,4,0,270
1,571D,FC5712160,4,0,270
1,571D,FC5712161,6,0,270
1,571D,FC5712162,6,0,270
1,571D,FC5712172,9,0,270
1,571D,FC5712201,16,0,270
1,571D,FC5712246,3,0,270
1,571D,FC5712258,14,0,270
1,571D,FC5712261,9,0,270
1,571D,FC5712292,5,0,270
1,571D,FC5712294,2,0,270
1,571D,FC5712303,9,0,270
1,571D,FC5712304,7,0,270
1,571D,FC5712332,2,0,270
1,571D,FC5712338,6,0,270
1,571D,FC5712340,4,0,270
1,571D,FC5712398,4,0,270
1,571D,FC5712418,9,0,270
1,571D,FC5712419,13,0,270
1,571D,FC5712428,2,0,270
1,571D,FC5712435,11,0,270
1,571D,FC5712445,13,0,270
1,571D,FC5712462,3,0,270
1,571D,FC5712463,3,0,270
1,571D,FC5712468,9,0,270
1,571D,FC5712473,7,0,270
1,571D,FC5712488,16,0,270
1,571D,FC5712494,9,0,270
1,571D,FC5712514,16,0,270
1,571D,FC5712520,11,0,270
1,571D,FC5712521,8,0,270
1,571D,FC5712527,3,0,270
1,571D,FC5712531,34,0,270
1,571D,FC5712532,5,0,270
1,571D,FC5712535,4,0,270
1,571D,FC5712536,4,0,270
1,571D,FC5712547,4,0,270
1,571D,FC5712551,6,0,270
1,571D,FC5712567,3,0,270
1,571D,FC5712568,3,0,270
1,571D,FC5712570,2,0,270
1,571D,FC5712573,10,0,270
1,571D,FC5712575,13,0,270
1,571D,FC5712576,13,0,270
1,571D,FC5712594,3,0,270
1,571D,FC5712603,14,0,270
1,571D,FC5712605,9,0,270
1,571D,FC5712610,8,0,270
1,571D,FC5712613,14,0,270
1,571D,FC5712618,16,0,270
1,571D,FC5712620,13,0,270
1,571D,FC5712621,14,0,270
1,571D,FC5712622,7,0,270
1,571D,FC5712627,11,0,270
1,571D,FC5712629,6,0,270
1,571D,FC5712633,7,0,270
1,571D,FC5712639,3,0,270
1,571D,FC5712640,2,0,270
1,571D,FC5712643,2,0,270
1,571D,FC5712644,3,0,270
1,571D,FC5712645,20,0,270
1,571D,FC5712652,14,0,270
1,571D,FC5712654,9,0,270
1,571D,FC5712658,23,0,270
1,571D,FC5712659,23,0,270
1,571D,FC5712670,10,0,270
1,571D,FC5712698,15,0,270
1,571D,FC5712708,18,0,270
1,571D,FC5712717,8,0,270
1,571D,FC5712737,4,0,270
1,571D,FC5712757,7,0,270
1,571D,FC5712758,9,0,270
1,571D,FC5712759,7,0,270
1,571D,FC5712760,7,0,270
1,571D,FC5712761,7,0,270
1,571D,FC5712762,11,0,270
1,571D,FC5712763,7,0,270
1,571D,FC5712776,18,0,270
1,571D,FC5712782,8,0,270
1,571D,FC5712786,9,0,270
1,571D,FC5712797,7,0,270
1,571D,FC5712798,6,0,270
1,571D,FC5712800,29,0,270
1,571D,FC5712810,13,0,270
1,571D,FC5712833,20,0,270
1,571D,FC5712862,15,0,270
1,571D,FC5712865,4,0,270
1,571D,FC5712868,6,0,270
1,571D,FC5712885,11,0,270
1,571D,FC5712910,3,0,270
1,571D,FC5712922,9,0,270
1,571D,FC5712943,8,0,270
1,571D,FC5712944,8,0,270
1,571D,FC5712953,22,0,270
1,571D,FC5712954,6,0,270
1,571D,FC5712976,11,0,270
1,571D,FC5712977,14,0,270
1,571D,FC5712978,9,0,270
1,571D,FC5712983,3,0,270
1,571D,FC5712997,7,0,270
1,571D,FC5712998,11,0,270
1,571D,FC5713030,5,0,270
1,571D,FC5713038,22,0,270
1,571D,FC5713041,3,0,270
1,571D,FC5713048,6,0,270
1,571D,FC5713049,4,0,270
1,571D,FC5713050,18,0,270
1,571D,FC5713072,3,0,270
1,571D,FC5713073,3,0,270
1,571D,FC5713075,2,0,270
1,571D,FC5713076,3,0,270
1,571D,FC5713079,13,0,270
1,571D,FC5713080,11,0,270
1,571D,FC5713116,4,0,270
1,571D,FC5713117,8,0,270
1,571D,FC5713118,11,0,270
1,571D,FC5713121,15,0,270
1,571D,FC5713122,24,0,270
1,571D,FC5713123,11,0,270
1,571D,FC5713138,6,0,270
1,571D,FC5713148,16,0,270
1,571D,FC5713149,18,0,270
1,571D,FC5713155,4,0,270
1,571D,FC5713202,26,0,270
1,571D,FC5713203,30,0,270
1,571D,FC5713208,7,0,270
1,571D,FC5713220,13,0,270
1,571D,FC5713227,16,0,270
1,571D,FC5713228,20,0,270
1,571D,FC5713229,20,0,270
1,571D,FC5713236,7,0,270
1,571D,FC5713241,3,0,270
1,571D,FC5713242,3,0,270
1,571D,FC5713250,8,0,270
1,571D,FC5713254,8,0,270
1,571D,FC5713255,15,0,270
1,571D,FC5713262,8,0,270
1,571D,FC5713285,3,0,270
1,571D,FC5713291,3,0,270
1,571D,FC5713320,34,0,270
1,571D,FC5713323,7,0,270
1,571D,FC5713388,14,0,270
1,571D,FC5713389,16,0,270
1,571D,FC5713390,16,0,270
1,571D,FC5713431,6,0,270
1,571D,FC5713441,6,0,270
1,571D,FC5713442,16,0,270
1,571D,FC5713446,7,0,270
1,571D,FC5713447,7,0,270
1,571D,FC5713448,7,0,270
1,571D,FC5713449,7,0,270
1,571D,FC5713450,7,0,270
1,571D,FC5713451,7,0,270
1,571D,FC5713452,9,0,270
1,571D,FC5713457,4,0,270
1,571D,FC5713467,2,0,270
1,571D,FC5713468,3,0,270
1,571D,FC5713488,7,0,270
1,571D,FC5713489,6,0,270
1,571D,FC5713514,11,0,270
1,571D,FC5713515,16,0,270
1,571D,FC5713516,22,0,270
1,571D,FC5713549,5,0,270
1,571D,FC5713550,5,0,270
1,571D,FC5713552,3,0,270
1,571D,FC5713555,4,0,270
1,571D,FC5713556,3,0,270
1,571D,FC5713557,3,0,270
1,571D,FC5713558,3,0,270
1,571D,FC5713559,3,0,270
1,571D,FC5713562,4,0,270
1,571D,FC5713563,19,0,270
1,571D,FC5713564,14,0,270
1,571D,FC5713594,6,0,270
1,571D,FC5713599,20,0,270
1,571D,FC5713600,20,0,270
1,571D,FC5713644,8,0,270
1,571D,FC5713661,7,0,270
1,571D,FC5713662,4,0,270
1,571D,FC5713683,24,0,270
1,571D,FC5713721,9,0,270
1,571D,FC5713747,22,0,270
1,571D,FC5713749,15,0,270
1,571D,FC5713752,5,0,270
1,571D,FC5713753,8,0,270
1,571D,FC5713755,3,0,270
1,571D,FC5713757,2,0,270
1,571D,FC5713758,2,0,270
1,571D,FC5713759,3,0,270
1,571D,FC5713760,2,0,270
1,571D,FC5713761,3,0,270
1,571D,FC5713782,5,0,270
1,571D,FC5713783,5,0,270
1,571D,FC5713784,5,0,270
1,571D,FC5713792,10,0,270
1,571D,FC5713793,10,0,270
1,571D,FC5713794,9,0,270
1,571D,FC5713795,9,0,270
1,571D,FC5713832,10,0,270
1,571D,FC5713836,8,0,270
1,571D,FC5713851,20,0,270
1,571D,FC5713852,6,0,270
1,571D,FC5713854,13,0,270
1,571D,FC5713888,8,0,270
1,571D,FC5713889,6,0,270
1,571D,FC5713907,6,0,270
1,571D,FC5713910,7,0,270
1,571D,FC5713911,8,0,270
1,571FA,FC5710038,1,0,270
1,571FA,FC5710066,3,0,270
1,571FA,FC5710128,10,0,270
1,571FA,FC5710131,4,0,270
1,571FA,FC5710212,4,0,270
1,571FA,FC5710291,1,0,270
1,571FA,FC5710292,3,0,270
1,571FA,FC5710299,1,0,270
1,571FA,FC5710300,2,0,270
1,571FA,FC5710302,18,0,270
1,571FA,FC5710304,3,0,270
1,571FA,FC5710315,3,0,270
1,571FA,FC5710450,4,0,270
1,571FA,FC5710485,6,0,270
1,571FA,FC5710496,2,0,270
1,571FA,FC5710497,2,0,270
1,571FA,FC5710500,5,0,270
1,571FA,FC5710501,3,0,270
1,571FA,FC5710519,2,0,270
1,571FA,FC5710520,4,0,270
1,571FA,FC5710591,1,0,270
1,571FA,FC5710594,14,0,270
1,571FA,FC5710623,35,0,270
1,571FA,FC5710624,5,0,270
1,571FA,FC5710640,7,0,270
1,571FA,FC5710649,2,0,270
1,571FA,FC5710658,7,0,270
1,571FA,FC5710706,3,0,270
1,571FA,FC5710707,3,0,270
1,571FA,FC5710781,1,0,270
1,571FA,FC5710838,4,0,270
1,571FA,FC5710839,3,0,270
1,571FA,FC5710842,5,0,270
1,571FA,FC5710850,1,0,270
1,571FA,FC5710854,3,0,270
1,571FA,FC5710856,8,0,270
1,571FA,FC5710857,2,0,270
1,571FA,FC5710883,10,0,270
1,571FA,FC5710885,14,0,270
1,571FA,FC5710929,15,0,270
1,571FA,FC5710974,15,0,270
1,571FA,FC5710978,2,0,270
1,571FA,FC5710983,2,0,270
1,571FA,FC5711007,3,0,270
1,571FA,FC5711008,1,0,270
1,571FA,FC5711012,9,0,270
1,571FA,FC5711031,3,0,270
1,571FA,FC5711046,5,0,270
1,571FA,FC5711097,3,0,270
1,571FA,FC5711236,4,0,270
1,571FA,FC5711238,15,0,270
1,571FA,FC5711240,12,0,270
1,571FA,FC5711268,4,0,270
1,571FA,FC5711270,3,0,270
1,571FA,FC5711329,2,0,270
1,571FA,FC5711331,3,0,270
1,571FA,FC5711335,2,0,270
1,571FA,FC5711483,13,0,270
1,571FA,FC5711507,13,0,270
1,571FA,FC5711574,3,0,270
1,571FA,FC5711583,30,0,270
1,571FA,FC5711625,16,0,270
1,571FA,FC5711699,3,0,270
1,571FA,FC5711700,4,0,270
1,571FA,FC5711718,2,0,270
1,571FA,FC5711727,5,0,270
1,571FA,FC5711750,2,0,270
1,571FA,FC5711753,3,0,270
1,571FA,FC5711755,4,0,270
1,571FA,FC5711773,54,0,270
1,571FA,FC5711802,15,0,270
1,571FA,FC5711870,3,0,270
1,571FA,FC5711924,9,0,270
1,571FA,FC5711977,2,0,270
1,571FA,FC5711979,2,0,270
1,571FA,FC5711980,3,0,270
1,571FA,FC5712013,2,0,270
1,571FA,FC5712014,3,0,270
1,571FA,FC5712015,3,0,270
1,571FA,FC5712016,3,0,270
1,571FA,FC5712017,3,0,270
1,571FA,FC5712039,11,0,270
1,571FA,FC5712071,6,0,270
1,571FA,FC5712072,6,0,270
1,571FA,FC5712073,7,0,270
1,571FA,FC5712125,2,0,270
1,571FA,FC5712150,3,0,270
1,571FA,FC5712175,16,0,270
1,571FA,FC5712245,3,0,270
1,571FA,FC5712264,3,0,270
1,571FA,FC5712299,3,0,270
1,571FA,FC5712335,6,0,270
1,571FA,FC5712337,12,0,270
1,571FA,FC5712365,3,0,270
1,571FA,FC5712379,8,0,270
1,571FA,FC5712380,8,0,270
1,571FA,FC5712443,4,0,270
1,571FA,FC5712497,3,0,270
1,571FA,FC5712502,15,0,270
1,571FA,FC5712507,19,0,270
1,571FA,FC5712597,6,0,270
1,571FA,FC5712628,3,0,270
1,571FA,FC5712660,3,0,270
1,571FA,FC5712681,13,0,270
1,571FA,FC5712682,16,0,270
1,571FA,FC5712686,23,0,270
1,571FA,FC5712687,23,0,270
1,571FA,FC5712690,54,0,270
1,571FA,FC5712709,13,0,270
1,571FA,FC5712746,16,0,270
1,571FA,FC5712766,2,0,270
1,571FA,FC5712796,3,0,270
1,571FA,FC5712811,15,0,270
1,571FA,FC5712816,6,0,270
1,571FA,FC5712817,5,0,270
1,571FA,FC5712835,6,0,270
1,571FA,FC5712838,20,0,270
1,571FA,FC5712857,8,0,270
1,571FA,FC5712881,3,0,270
1,571FA,FC5712890,15,0,270
1,571FA,FC5712894,44,0,270
1,571FA,FC5712909,26,0,270
1,571FA,FC5712932,7,0,270
1,571FA,FC5712933,8,0,270
1,571FA,FC5712934,9,0,270
1,571FA,FC5712935,4,0,270
1,571FA,FC5713003,54,0,270
1,571FA,FC5713006,4,0,270
1,571FA,FC5713007,23,0,270
1,571FA,FC5713012,4,0,270
1,571FA,FC5713013,4,0,270
1,571FA,FC5713015,4,0,270
1,571FA,FC5713017,3,0,270
1,571FA,FC5713035,12,0,270
1,571FA,FC5713059,7,0,270
1,571FA,FC5713061,9,0,270
1,571FA,FC5713062,2,0,270
1,571FA,FC5713063,3,0,270
1,571FA,FC5713064,3,0,270
1,571FA,FC5713065,3,0,270
1,571FA,FC5713086,8,0,270
1,571FA,FC5713104,6,0,270
1,571FA,FC5713129,15,0,270
1,571FA,FC5713136,3,0,270
1,571FA,FC5713153,3,0,270
1,571FA,FC5713179,3,0,270
1,571FA,FC5713215,5,0,270
1,571FA,FC5713225,3,0,270
1,571FA,FC5713233,34,0,270
1,571FA,FC5713266,5,0,270
1,571FA,FC5713267,232,0,270
1,571FA,FC5713275,28,0,270
1,571FA,FC5713306,13,0,270
1,571FA,FC5713310,4,0,270
1,571FA,FC5713326,3,0,270
1,571FA,FC5713338,12,0,270
1,571FA,FC5713340,15,0,270
1,571FA,FC5713352,7,0,270
1,571FA,FC5713366,3,0,270
1,571FA,FC5713367,3,0,270
1,571FA,FC5713383,4,0,270
1,571FA,FC5713458,30,0,270
1,571FA,FC5713510,4,0,270
1,571FA,FC5713511,4,0,270
1,571FA,FC5713576,6,0,270
1,571FA,FC5713625,4,0,270
1,571FA,FC5713640,28,0,270
1,571FA,FC5713663,11,0,270
1,571FA,FC5713675,4,0,270
1,571FA,FC5713676,4,0,270
1,571FA,FC5713743,23,0,270
1,571FA,FC5713785,15,0,270
1,571FA,FC5713821,3,0,270
1,571FA,FC5713822,4,0,270
1,571FA,FC5713823,3,0,270
1,571FA,FC5713856,4,0,270
1,571FA,FC5713875,11,0,270
1,571NC,FC5710005,5,0,270
1,571NC,FC5710007,4,0,270
1,571NC,FC5710014,1,0,270
1,571NC,FC5710060,4,0,270
1,571NC,FC5710088,1,0,270
1,571NC,FC5710089,2,0,270
1,571NC,FC5710090,2,0,270
1,571NC,FC5710091,2,0,270
1,571NC,FC5710092,1,0,270
1,571NC,FC5710093,1,0,270
1,571NC,FC5710102,5,0,270
1,571NC,FC5710103,5,0,270
1,571NC,FC5710104,5,0,270
1,571NC,FC5710133,3,0,270
1,571NC,FC5710156,3,0,270
1,571NC,FC5710158,3,0,270
1,571NC,FC5710169,8,0,270
1,571NC,FC5710176,12,0,270
1,571NC,FC5710201,3,0,270
1,571NC,FC5710228,2,0,270
1,571NC,FC5710240,5,0,270
1,571NC,FC5710241,5,0,270
1,571NC,FC5710251,5,0,270
1,571NC,FC5710252,5,0,270
1,571NC,FC5710253,4,0,270
1,571NC,FC5710259,5,0,270
1,571NC,FC5710273,4,0,270
1,571NC,FC5710275,2,0,270
1,571NC,FC5710276,4,0,270
1,571NC,FC5710277,2,0,270
1,571NC,FC5710305,2,0,270
1,571NC,FC5710306,4,0,270
1,571NC,FC5710307,2,0,270
1,571NC,FC5710308,2,0,270
1,571NC,FC5710340,5,0,270
1,571NC,FC5710342,3,0,270
1,571NC,FC5710351,1,0,270
1,571NC,FC5710370,1,0,270
1,571NC,FC5710371,1,0,270
1,571NC,FC5710372,5,0,270
1,571NC,FC5710374,5,0,270
1,571NC,FC5710375,5,0,270
1,571NC,FC5710390,4,0,270
1,571NC,FC5710391,2,0,270
1,571NC,FC5710398,2,0,270
1,571NC,FC5710406,5,0,270
1,571NC,FC5710433,4,0,270
1,571NC,FC5710435,4,0,270
1,571NC,FC5710436,3,0,270
1,571NC,FC5710442,10,0,270
1,571NC,FC5710444,2,0,270
1,571NC,FC5710446,7,0,270
1,571NC,FC5710447,3,0,270
1,571NC,FC5710448,3,0,270
1,571NC,FC5710463,12,0,270
1,571NC,FC5710512,4,0,270
1,571NC,FC5710527,12,0,270
1,571NC,FC5710530,6,0,270
1,571NC,FC5710532,12,0,270
1,571NC,FC5710609,2,0,270
1,571NC,FC5710610,2,0,270
1,571NC,FC5710611,4,0,270
1,571NC,FC5710613,2,0,270
1,571NC,FC5710644,4,0,270
1,571NC,FC5710674,3,0,270
1,571NC,FC5710721,8,0,270
1,571NC,FC5710723,2,0,270
1,571NC,FC5710726,3,0,270
1,571NC,FC5710745,4,0,270
1,571NC,FC5710749,10,0,270
1,571NC,FC5710755,4,0,270
1,571NC,FC5710756,4,0,270
1,571NC,FC5710773,8,0,270
1,571NC,FC5710780,7,0,270
1,571NC,FC5710782,3,0,270
1,571NC,FC5710818,7,0,270
1,571NC,FC5710832,22,0,270
1,571NC,FC5710862,6,0,270
1,571NC,FC5710888,3,0,270
1,571NC,FC5710890,3,0,270
1,571NC,FC5710891,4,0,270
1,571NC,FC5710901,8,0,270
1,571NC,FC5710933,3,0,270
1,571NC,FC5710936,8,0,270
1,571NC,FC5710954,3,0,270
1,571NC,FC5710986,3,0,270
1,571NC,FC5710991,8,0,270
1,571NC,FC5710992,12,0,270
1,571NC,FC5710995,8,0,270
1,571NC,FC5711016,16,0,270
1,571NC,FC5711034,4,0,270
1,571NC,FC5711063,4,0,270
1,571NC,FC5711094,5,0,270
1,571NC,FC5711113,8,0,270
1,571NC,FC5711165,5,0,270
1,571NC,FC5711167,12,0,270
1,571NC,FC5711171,7,0,270
1,571NC,FC5711181,6,0,270
1,571NC,FC5711187,2,0,270
1,571NC,FC5711218,5,0,270
1,571NC,FC5711225,4,0,270
1,571NC,FC5711226,4,0,270
1,571NC,FC5711227,3,0,270
1,571NC,FC5711230,8,0,270
1,571NC,FC5711252,5,0,270
1,571NC,FC5711253,5,0,270
1,571NC,FC5711265,3,0,270
1,571NC,FC5711288,6,0,270
1,571NC,FC5711291,6,0,270
1,571NC,FC5711309,4,0,270
1,571NC,FC5711311,4,0,270
1,571NC,FC5711312,4,0,270
1,571NC,FC5711320,4,0,270
1,571NC,FC5711321,8,0,270
1,571NC,FC5711322,5,0,270
1,571NC,FC5711323,5,0,270
1,571NC,FC5711342,14,0,270
1,571NC,FC5711343,14,0,270
1,571NC,FC5711368,5,0,270
1,571NC,FC5711369,9,0,270
1,571NC,FC5711371,5,0,270
1,571NC,FC5711397,4,0,270
1,571NC,FC5711398,3,0,270
1,571NC,FC5711400,3,0,270
1,571NC,FC5711416,7,0,270
1,571NC,FC5711436,6,0,270
1,571NC,FC5711437,6,0,270
1,571NC,FC5711443,3,0,270
1,571NC,FC5711453,3,0,270
1,571NC,FC5711456,2,0,270
1,571NC,FC5711457,6,0,270
1,571NC,FC5711458,3,0,270
1,571NC,FC5711459,6,0,270
1,571NC,FC5711467,6,0,270
1,571NC,FC5711468,6,0,270
1,571NC,FC5711469,11,0,270
1,571NC,FC5711470,5,0,270
1,571NC,FC5711480,4,0,270
1,571NC,FC5711487,6,0,270
1,571NC,FC5711488,5,0,270
1,571NC,FC5711534,8,0,270
1,571NC,FC5711535,7,0,270
1,571NC,FC5711538,5,0,270
1,571NC,FC5711539,4,0,270
1,571NC,FC5711542,3,0,270
1,571NC,FC5711547,3,0,270
1,571NC,FC5711562,6,0,270
1,571NC,FC5711563,7,0,270
1,571NC,FC5711564,4,0,270
1,571NC,FC5711565,5,0,270
1,571NC,FC5711566,5,0,270
1,571NC,FC5711594,4,0,270
1,571NC,FC5711596,4,0,270
1,571NC,FC5711620,2,0,270
1,571NC,FC5711621,3,0,270
1,571NC,FC5711622,5,0,270
1,571NC,FC5711623,5,0,270
1,571NC,FC5711624,4,0,270
1,571NC,FC5711633,5,0,270
1,571NC,FC5711635,1,0,270
1,571NC,FC5711638,7,0,270
1,571NC,FC5711639,7,0,270
1,571NC,FC5711704,6,0,270
1,571NC,FC5711725,15,0,270
1,571NC,FC5711737,13,0,270
1,571NC,FC5711738,5,0,270
1,571NC,FC5711739,3,0,270
1,571NC,FC5711745,4,0,270
1,571NC,FC5711780,4,0,270
1,571NC,FC5711781,3,0,270
1,571NC,FC5711782,4,0,270
1,571NC,FC5711783,4,0,270
1,571NC,FC5711784,10,0,270
1,571NC,FC5711786,3,0,270
1,571NC,FC5711787,5,0,270
1,571NC,FC5711788,6,0,270
1,571NC,FC5711789,5,0,270
1,571NC,FC5711790,5,0,270
1,571NC,FC5711791,4,0,270
1,571NC,FC5711792,6,0,270
1,571NC,FC5711816,5,0,270
1,571NC,FC5711853,7,0,270
1,571NC,FC5711946,6,0,270
1,571NC,FC5711951,6,0,270
1,571NC,FC5711952,6,0,270
1,571NC,FC5711953,6,0,270
1,571NC,FC5711956,6,0,270
1,571NC,FC5711957,9,0,270
1,571NC,FC5711972,9,0,270
1,571NC,FC5711973,17,0,270
1,571NC,FC5711985,9,0,270
1,571NC,FC5711986,5,0,270
1,571NC,FC5711987,5,0,270
1,571NC,FC5712012,3,0,270
1,571NC,FC5712034,10,0,270
1,571NC,FC5712046,4,0,270
1,571NC,FC5712047,5,0,270
1,571NC,FC5712048,5,0,270
1,571NC,FC5712049,5,0,270
1,571NC,FC5712050,5,0,270
1,571NC,FC5712051,3,0,270
1,571NC,FC5712052,3,0,270
1,571NC,FC5712054,5,0,270
1,571NC,FC5712060,4,0,270
1,571NC,FC5712108,4,0,270
1,571NC,FC5712117,5,0,270
1,571NC,FC5712128,5,0,270
1,571NC,FC5712142,5,0,270
1,571NC,FC5712173,4,0,270
1,571NC,FC5712192,5,0,270
1,571NC,FC5712211,5,0,270
1,571NC,FC5712212,4,0,270
1,571NC,FC5712213,6,0,270
1,571NC,FC5712240,4,0,270
1,571NC,FC5712241,4,0,270
1,571NC,FC5712242,12,0,270
1,571NC,FC5712274,5,0,270
1,571NC,FC5712282,6,0,270
1,571NC,FC5712283,6,0,270
1,571NC,FC5712297,9,0,270
1,571NC,FC5712298,6,0,270
1,571NC,FC5712315,6,0,270
1,571NC,FC5712323,22,0,270
1,571NC,FC5712324,22,0,270
1,571NC,FC5712348,11,0,270
1,571NC,FC5712349,11,0,270
1,571NC,FC5712350,11,0,270
1,571NC,FC5712364,8,0,270
1,571NC,FC5712400,5,0,270
1,571NC,FC5712414,7,0,270
1,571NC,FC5712415,6,0,270
1,571NC,FC5712417,9,0,270
1,571NC,FC5712420,4,0,270
1,571NC,FC5712424,6,0,270
1,571NC,FC5712425,6,0,270
1,571NC,FC5712439,13,0,270
1,571NC,FC5712440,4,0,270
1,571NC,FC5712442,6,0,270
1,571NC,FC5712453,4,0,270
1,571NC,FC5712474,16,0,270
1,571NC,FC5712491,7,0,270
1,571NC,FC5712492,7,0,270
1,571NC,FC5712498,5,0,270
1,571NC,FC5712504,11,0,270
1,571NC,FC5712508,12,0,270
1,571NC,FC5712510,12,0,270
1,571NC,FC5712511,12,0,270
1,571NC,FC5712530,3,0,270
1,571NC,FC5712564,8,0,270
1,571NC,FC5712565,8,0,270
1,571NC,FC5712566,8,0,270
1,571NC,FC5712569,12,0,270
1,571NC,FC5712623,5,0,270
1,571NC,FC5712657,17,0,270
1,571NC,FC5712661,4,0,270
1,571NC,FC5712693,8,0,270
1,571NC,FC5712694,8,0,270
1,571NC,FC5712695,8,0,270
1,571NC,FC5712719,3,0,270
1,571NC,FC5712727,11,0,270
1,571NC,FC5712733,8,0,270
1,571NC,FC5712734,8,0,270
1,571NC,FC5712735,12,0,270
1,571NC,FC5712739,6,0,270
1,571NC,FC5712740,11,0,270
1,571NC,FC5712741,11,0,270
1,571NC,FC5712749,4,0,270
1,571NC,FC5712750,3,0,270
1,571NC,FC5712751,4,0,270
1,571NC,FC5712772,8,0,270
1,571NC,FC5712777,15,0,270
1,571NC,FC5712778,15,0,270
1,571NC,FC5712788,8,0,270
1,571NC,FC5712789,8,0,270
1,571NC,FC5712806,11,0,270
1,571NC,FC5712818,12,0,270
1,571NC,FC5712834,5,0,270
1,571NC,FC5712839,12,0,270
1,571NC,FC5712843,8,0,270
1,571NC,FC5712861,13,0,270
1,571NC,FC5712866,6,0,270
1,571NC,FC5712893,7,0,270
1,571NC,FC5712895,15,0,270
1,571NC,FC5712896,15,0,270
1,571NC,FC5712936,8,0,270
1,571NC,FC5712937,13,0,270
1,571NC,FC5712968,9,0,270
1,571NC,FC5712969,10,0,270
1,571NC,FC5712975,9,0,270
1,571NC,FC5712979,10,0,270
1,571NC,FC5712980,10,0,270
1,571NC,FC5712989,10,0,270
1,571NC,FC5712993,7,0,270
1,571NC,FC5712994,6,0,270
1,571NC,FC5713008,6,0,270
1,571NC,FC5713009,7,0,270
1,571NC,FC5713032,6,0,270
1,571NC,FC5713042,6,0,270
1,571NC,FC5713077,6,0,270
1,571NC,FC5713107,11,0,270
1,571NC,FC5713108,6,0,270
1,571NC,FC5713109,6,0,270
1,571NC,FC5713110,8,0,270
1,571NC,FC5713154,7,0,270
1,571NC,FC5713160,16,0,270
1,571NC,FC5713161,16,0,270
1,571NC,FC5713163,13,0,270
1,571NC,FC5713164,13,0,270
1,571NC,FC5713165,13,0,270
1,571NC,FC5713176,8,0,270
1,571NC,FC5713177,8,0,270
1,571NC,FC5713185,7,0,270
1,571NC,FC5713187,13,0,270
1,571NC,FC5713189,3,0,270
1,571NC,FC5713190,4,0,270
1,571NC,FC5713191,11,0,270
1,571NC,FC5713192,13,0,270
1,571NC,FC5713193,17,0,270
1,571NC,FC5713197,10,0,270
1,571NC,FC5713198,6,0,270
1,571NC,FC5713240,5,0,270
1,571NC,FC5713305,8,0,270
1,571NC,FC5713350,10,0,270
1,571NC,FC5713351,10,0,270
1,571NC,FC5713353,22,0,270
1,571NC,FC5713358,6,0,270
1,571NC,FC5713368,8,0,270
1,571NC,FC5713369,9,0,270
1,571NC,FC5713370,6,0,270
1,571NC,FC5713371,6,0,270
1,571NC,FC5713372,5,0,270
1,571NC,FC5713373,8,0,270
1,571NC,FC5713392,6,0,270
1,571NC,FC5713405,5,0,270
1,571NC,FC5713407,3,0,270
1,571NC,FC5713408,11,0,270
1,571NC,FC5713409,11,0,270
1,571NC,FC5713423,5,0,270
1,571NC,FC5713469,4,0,270
1,571NC,FC5713470,11,0,270
1,571NC,FC5713475,3,0,270
1,571NC,FC5713476,4,0,270
1,571NC,FC5713477,3,0,270
1,571NC,FC5713478,7,0,270
1,571NC,FC5713492,7,0,270
1,571NC,FC5713493,8,0,270
1,571NC,FC5713512,6,0,270
1,571NC,FC5713513,10,0,270
1,571NC,FC5713535,12,0,270
1,571NC,FC5713537,11,0,270
1,571NC,FC5713544,3,0,270
1,571NC,FC5713568,8,0,270
1,571NC,FC5713569,10,0,270
1,571NC,FC5713578,11,0,270
1,571NC,FC5713586,8,0,270
1,571NC,FC5713587,8,0,270
1,571NC,FC5713588,6,0,270
1,571NC,FC5713593,20,0,270
1,571NC,FC5713622,6,0,270
1,571NC,FC5713626,12,0,270
1,571NC,FC5713627,5,0,270
1,571NC,FC5713639,8,0,270
1,571NC,FC5713660,6,0,270
1,571NC,FC5713686,25,0,270
1,571NC,FC5713687,25,0,270
1,571NC,FC5713718,17,0,270
1,571NC,FC5713720,7,0,270
1,571NC,FC5713739,6,0,270
1,571NC,FC5713791,8,0,270
1,571NC,FC5713799,7,0,270
1,571NC,FC5713800,8,0,270
1,571NC,FC5713820,8,0,270
1,571NC,FC5713827,7,0,270
1,571NC,FC5713828,7,0,270
1,571NC,FC5713829,8,0,270
1,571NC,FC5713845,17,0,270
1,571QKA,FC5710016,3,0,270
1,571QKA,FC5710031,2,0,270
1,571QKA,FC5710063,2,0,270
1,571QKA,FC5710064,2,0,270
1,571QKA,FC5710082,3,0,270
1,571QKA,FC5710100,2,0,270
1,571QKA,FC5710101,7,0,270
1,571QKA,FC5710112,12,0,270
1,571QKA,FC5710113,13,0,270
1,571QKA,FC5710138,8,0,270
1,571QKA,FC5710139,5,0,270
1,571QKA,FC5710149,3,0,270
1,571QKA,FC5710153,5,0,270
1,571QKA,FC5710154,5,0,270
1,571QKA,FC5710155,5,0,270
1,571QKA,FC5710159,6,0,270
1,571QKA,FC5710168,5,0,270
1,571QKA,FC5710202,6,0,270
1,571QKA,FC5710203,2,0,270
1,571QKA,FC5710205,6,0,270
1,571QKA,FC5710206,4,0,270
1,571QKA,FC5710207,7,0,270
1,571QKA,FC5710210,12,0,270
1,571QKA,FC5710233,2,0,270
1,571QKA,FC5710234,2,0,270
1,571QKA,FC5710235,4,0,270
1,571QKA,FC5710338,3,0,270
1,571QKA,FC5710346,4,0,270
1,571QKA,FC5710349,2,0,270
1,571QKA,FC5710353,6,0,270
1,571QKA,FC5710399,5,0,270
1,571QKA,FC5710400,2,0,270
1,571QKA,FC5710401,5,0,270
1,571QKA,FC5710402,4,0,270
1,571QKA,FC5710403,5,0,270
1,571QKA,FC5710432,2,0,270
1,571QKA,FC5710434,2,0,270
1,571QKA,FC5710452,2,0,270
1,571QKA,FC5710465,2,0,270
1,571QKA,FC5710466,6,0,270
1,571QKA,FC5710468,6,0,270
1,571QKA,FC5710481,6,0,270
1,571QKA,FC5710491,2,0,270
1,571QKA,FC5710498,3,0,270
1,571QKA,FC5710499,11,0,270
1,571QKA,FC5710518,2,0,270
1,571QKA,FC5710538,3,0,270
1,571QKA,FC5710552,8,0,270
1,571QKA,FC5710553,6,0,270
1,571QKA,FC5710560,10,0,270
1,571QKA,FC5710572,10,0,270
1,571QKA,FC5710574,4,0,270
1,571QKA,FC5710576,6,0,270
1,571QKA,FC5710584,6,0,270
1,571QKA,FC5710592,3,0,270
1,571QKA,FC5710593,3,0,270
1,571QKA,FC5710600,3,0,270
1,571QKA,FC5710633,2,0,270
1,571QKA,FC5710634,2,0,270
1,571QKA,FC5710639,3,0,270
1,571QKA,FC5710648,6,0,270
1,571QKA,FC5710656,3,0,270
1,571QKA,FC5710666,6,0,270
1,571QKA,FC5710689,2,0,270
1,571QKA,FC5710690,2,0,270
1,571QKA,FC5710691,2,0,270
1,571QKA,FC5710700,4,0,270
1,571QKA,FC5710701,5,0,270
1,571QKA,FC5710712,2,0,270
1,571QKA,FC5710713,3,0,270
1,571QKA,FC5710715,3,0,270
1,571QKA,FC5710732,6,0,270
1,571QKA,FC5710760,5,0,270
1,571QKA,FC5710761,5,0,270
1,571QKA,FC5710778,5,0,270
1,571QKA,FC5710779,5,0,270
1,571QKA,FC5710795,2,0,270
1,571QKA,FC5710808,6,0,270
1,571QKA,FC5710819,5,0,270
1,571QKA,FC5710820,5,0,270
1,571QKA,FC5710824,3,0,270
1,571QKA,FC5710868,6,0,270
1,571QKA,FC5710870,3,0,270
1,571QKA,FC5710878,5,0,270
1,571QKA,FC5710881,6,0,270
1,571QKA,FC5710884,6,0,270
1,571QKA,FC5710886,6,0,270
1,571QKA,FC5710894,2,0,270
1,571QKA,FC5710907,4,0,270
1,571QKA,FC5710915,10,0,270
1,571QKA,FC5710943,4,0,270
1,571QKA,FC5710960,5,0,270
1,571QKA,FC5710961,3,0,270
1,571QKA,FC5710996,13,0,270
1,571QKA,FC5711000,5,0,270
1,571QKA,FC5711002,7,0,270
1,571QKA,FC5711010,2,0,270
1,571QKA,FC5711014,2,0,270
1,571QKA,FC5711042,6,0,270
1,571QKA,FC5711051,5,0,270
1,571QKA,FC5711061,6,0,270
1,571QKA,FC5711062,5,0,270
1,571QKA,FC5711064,6,0,270
1,571QKA,FC5711065,6,0,270
1,571QKA,FC5711166,7,0,270
1,571QKA,FC5711179,4,0,270
1,571QKA,FC5711182,3,0,270
1,571QKA,FC5711183,3,0,270
1,571QKA,FC5711188,2,0,270
1,571QKA,FC5711219,10,0,270
1,571QKA,FC5711261,5,0,270
1,571QKA,FC5711287,3,0,270
1,571QKA,FC5711327,10,0,270
1,571QKA,FC5711349,6,0,270
1,571QKA,FC5711372,3,0,270
1,571QKA,FC5711373,3,0,270
1,571QKA,FC5711374,5,0,270
1,571QKA,FC5711394,5,0,270
1,571QKA,FC5711403,28,0,270
1,571QKA,FC5711404,14,0,270
1,571QKA,FC5711420,7,0,270
1,571QKA,FC5711421,4,0,270
1,571QKA,FC5711440,11,0,270
1,571QKA,FC5711441,11,0,270
1,571QKA,FC5711449,14,0,270
1,571QKA,FC5711494,8,0,270
1,571QKA,FC5711497,7,0,270
1,571QKA,FC5711511,4,0,270
1,571QKA,FC5711512,5,0,270
1,571QKA,FC5711517,4,0,270
1,571QKA,FC5711521,5,0,270
1,571QKA,FC5711529,3,0,270
1,571QKA,FC5711560,6,0,270
1,571QKA,FC5711561,6,0,270
1,571QKA,FC5711615,5,0,270
1,571QKA,FC5711631,7,0,270
1,571QKA,FC5711634,8,0,270
1,571QKA,FC5711645,5,0,270
1,571QKA,FC5711646,5,0,270
1,571QKA,FC5711647,5,0,270
1,571QKA,FC5711650,4,0,270
1,571QKA,FC5711651,4,0,270
1,571QKA,FC5711653,4,0,270
1,571QKA,FC5711657,7,0,270
1,571QKA,FC5711658,11,0,270
1,571QKA,FC5711659,11,0,270
1,571QKA,FC5711672,5,0,270
1,571QKA,FC5711681,7,0,270
1,571QKA,FC5711682,7,0,270
1,571QKA,FC5711683,7,0,270
1,571QKA,FC5711733,3,0,270
1,571QKA,FC5711741,4,0,270
1,571QKA,FC5711742,3,0,270
1,571QKA,FC5711743,3,0,270
1,571QKA,FC5711744,4,0,270
1,571QKA,FC5711761,14,0,270
1,571QKA,FC5711762,6,0,270
1,571QKA,FC5711767,4,0,270
1,571QKA,FC5711809,6,0,270
1,571QKA,FC5711871,4,0,270
1,571QKA,FC5711872,6,0,270
1,571QKA,FC5711879,7,0,270
1,571QKA,FC5711887,7,0,270
1,571QKA,FC5711888,7,0,270
1,571QKA,FC5711889,7,0,270
1,571QKA,FC5711890,6,0,270
1,571QKA,FC5711891,7,0,270
1,571QKA,FC5711892,6,0,270
1,571QKA,FC5711974,3,0,270
1,571QKA,FC5711975,4,0,270
1,571QKA,FC5711976,4,0,270
1,571QKA,FC5711991,3,0,270
1,571QKA,FC5711997,11,0,270
1,571QKA,FC5712037,14,0,270
1,571QKA,FC5712040,11,0,270
1,571QKA,FC5712077,3,0,270
1,571QKA,FC5712078,3,0,270
1,571QKA,FC5712084,7,0,270
1,571QKA,FC5712087,9,0,270
1,571QKA,FC5712098,2,0,270
1,571QKA,FC5712129,18,0,270
1,571QKA,FC5712143,5,0,270
1,571QKA,FC5712144,5,0,270
1,571QKA,FC5712164,11,0,270
1,571QKA,FC5712166,9,0,270
1,571QKA,FC5712179,5,0,270
1,571QKA,FC5712184,7,0,270
1,571QKA,FC5712185,5,0,270
1,571QKA,FC5712186,9,0,270
1,571QKA,FC5712187,5,0,270
1,571QKA,FC5712188,5,0,270
1,571QKA,FC5712198,8,0,270
1,571QKA,FC5712202,10,0,270
1,571QKA,FC5712218,9,0,270
1,571QKA,FC5712219,7,0,270
1,571QKA,FC5712229,6,0,270
1,571QKA,FC5712231,7,0,270
1,571QKA,FC5712269,4,0,270
1,571QKA,FC5712311,4,0,270
1,571QKA,FC5712344,7,0,270
1,571QKA,FC5712345,6,0,270
1,571QKA,FC5712346,5,0,270
1,571QKA,FC5712347,6,0,270
1,571QKA,FC5712355,8,0,270
1,571QKA,FC5712358,3,0,270
1,571QKA,FC5712370,5,0,270
1,571QKA,FC5712381,7,0,270
1,571QKA,FC5712384,7,0,270
1,571QKA,FC5712404,11,0,270
1,571QKA,FC5712416,7,0,270
1,571QKA,FC5712429,3,0,270
1,571QKA,FC5712448,8,0,270
1,571QKA,FC5712449,8,0,270
1,571QKA,FC5712450,4,0,270
1,571QKA,FC5712477,18,0,270
1,571QKA,FC5712478,14,0,270
1,571QKA,FC5712487,9,0,270
1,571QKA,FC5712517,5,0,270
1,571QKA,FC5712522,5,0,270
1,571QKA,FC5712523,4,0,270
1,571QKA,FC5712524,5,0,270
1,571QKA,FC5712525,5,0,270
1,571QKA,FC5712550,21,0,270
1,571QKA,FC5712577,7,0,270
1,571QKA,FC5712580,7,0,270
1,571QKA,FC5712581,5,0,270
1,571QKA,FC5712582,7,0,270
1,571QKA,FC5712583,5,0,270
1,571QKA,FC5712584,7,0,270
1,571QKA,FC5712585,5,0,270
1,571QKA,FC5712586,5,0,270
1,571QKA,FC5712587,10,0,270
1,571QKA,FC5712588,7,0,270
1,571QKA,FC5712595,9,0,270
1,571QKA,FC5712596,9,0,270
1,571QKA,FC5712600,4,0,270
1,571QKA,FC5712604,9,0,270
1,571QKA,FC5712608,8,0,270
1,571QKA,FC5712631,5,0,270
1,571QKA,FC5712634,6,0,270
1,571QKA,FC5712641,5,0,270
1,571QKA,FC5712718,4,0,270
1,571QKA,FC5712747,7,0,270
1,571QKA,FC5712748,7,0,270
1,571QKA,FC5712807,9,0,270
1,571QKA,FC5712815,8,0,270
1,571QKA,FC5712837,6,0,270
1,571QKA,FC5712842,7,0,270
1,571QKA,FC5712850,8,0,270
1,571QKA,FC5712851,8,0,270
1,571QKA,FC5712876,11,0,270
1,571QKA,FC5712877,28,0,270
1,571QKA,FC5712887,21,0,270
1,571QKA,FC5712888,10,0,270
1,571QKA,FC5712898,8,0,270
1,571QKA,FC5712901,6,0,270
1,571QKA,FC5712902,9,0,270
1,571QKA,FC5712908,5,0,270
1,571QKA,FC5712920,9,0,270
1,571QKA,FC5712921,9,0,270
1,571QKA,FC5712923,6,0,270
1,571QKA,FC5712924,8,0,270
1,571QKA,FC5712925,5,0,270
1,571QKA,FC5712956,28,0,270
1,571QKA,FC5712957,6,0,270
1,571QKA,FC5712959,7,0,270
1,571QKA,FC5712962,6,0,270
1,571QKA,FC5712963,6,0,270
1,571QKA,FC5712964,6,0,270
1,571QKA,FC5712965,6,0,270
1,571QKA,FC5712966,5,0,270
1,571QKA,FC5712967,6,0,270
1,571QKA,FC5712986,6,0,270
1,571QKA,FC5712987,6,0,270
1,571QKA,FC5712988,6,0,270
1,571QKA,FC5712996,3,0,270
1,571QKA,FC5713051,18,0,270
1,571QKA,FC5713066,8,0,270
1,571QKA,FC5713067,5,0,270
1,571QKA,FC5713078,9,0,270
1,571QKA,FC5713093,5,0,270
1,571QKA,FC5713124,10,0,270
1,571QKA,FC5713140,5,0,270
1,571QKA,FC5713145,5,0,270
1,571QKA,FC5713157,25,0,270
1,571QKA,FC5713175,7,0,270
1,571QKA,FC5713204,11,0,270
1,571QKA,FC5713205,5,0,270
1,571QKA,FC5713206,5,0,270
1,571QKA,FC5713207,5,0,270
1,571QKA,FC5713209,8,0,270
1,571QKA,FC5713210,7,0,270
1,571QKA,FC5713211,8,0,270
1,571QKA,FC5713218,7,0,270
1,571QKA,FC5713256,5,0,270
1,571QKA,FC5713257,5,0,270
1,571QKA,FC5713258,5,0,270
1,571QKA,FC5713271,21,0,270
1,571QKA,FC5713272,21,0,270
1,571QKA,FC5713281,7,0,270
1,571QKA,FC5713284,9,0,270
1,571QKA,FC5713299,4,0,270
1,571QKA,FC5713300,4,0,270
1,571QKA,FC5713316,7,0,270
1,571QKA,FC5713318,5,0,270
1,571QKA,FC5713319,5,0,270
1,571QKA,FC5713330,7,0,270
1,571QKA,FC5713331,7,0,270
1,571QKA,FC5713374,5,0,270
1,571QKA,FC5713398,18,0,270
1,571QKA,FC5713410,5,0,270
1,571QKA,FC5713422,5,0,270
1,571QKA,FC5713432,4,0,270
1,571QKA,FC5713433,3,0,270
1,571QKA,FC5713434,6,0,270
1,571QKA,FC5713435,5,0,270
1,571QKA,FC5713443,5,0,270
1,571QKA,FC5713444,3,0,270
1,571QKA,FC5713445,3,0,270
1,571QKA,FC5713472,10,0,270
1,571QKA,FC5713525,7,0,270
1,571QKA,FC5713531,5,0,270
1,571QKA,FC5713532,5,0,270
1,571QKA,FC5713533,5,0,270
1,571QKA,FC5713560,9,0,270
1,571QKA,FC5713561,7,0,270
1,571QKA,FC5713591,5,0,270
1,571QKA,FC5713604,18,0,270
1,571QKA,FC5713606,18,0,270
1,571QKA,FC5713656,5,0,270
1,571QKA,FC5713657,7,0,270
1,571QKA,FC5713658,7,0,270
1,571QKA,FC5713671,14,0,270
1,571QKA,FC5713692,7,0,270
1,571QKA,FC5713693,5,0,270
1,571QKA,FC5713694,4,0,270
1,571QKA,FC5713695,6,0,270
1,571QKA,FC5713696,7,0,270
1,571QKA,FC5713697,7,0,270
1,571QKA,FC5713698,7,0,270
1,571QKA,FC5713699,4,0,270
1,571QKA,FC5713700,7,0,270
1,571QKA,FC5713701,4,0,270
1,571QKA,FC5713702,8,0,270
1,571QKA,FC5713703,7,0,270
1,571QKA,FC5713704,7,0,270
1,571QKA,FC5713706,9,0,270
1,571QKA,FC5713707,9,0,270
1,571QKA,FC5713708,11,0,270
1,571QKA,FC5713709,9,0,270
1,571QKA,FC5713710,6,0,270
1,571QKA,FC5713715,7,0,270
1,571QKA,FC5713716,7,0,270
1,571QKA,FC5713726,8,0,270
1,571QKA,FC5713750,8,0,270
1,571QKA,FC5713751,8,0,270
1,571QKA,FC5713769,13,0,270
1,571QKA,FC5713770,13,0,270
1,571QKA,FC5713781,8,0,270
1,571QKA,FC5713789,8,0,270
1,571QKA,FC5713842,14,0,270
1,571QKA,FC5713843,9,0,270
1,571QKA,FC5713844,9,0,270
1,571QKA,FC5713853,9,0,270
1,571QKA,FC5713861,5,0,270
1,571QKA,FC5713862,5,0,270
1,571QKA,FC5713868,8,0,270
1,571QKC,FC5710002,6,0,270
1,571QKC,FC5710003,3,0,270
1,571QKC,FC5710004,4,0,270
1,571QKC,FC5710008,3,0,270
1,571QKC,FC5710022,34,0,270
1,571QKC,FC5710047,3,0,270
1,571QKC,FC5710065,6,0,270
1,571QKC,FC5710077,4,0,270
1,571QKC,FC5710078,3,0,270
1,571QKC,FC5710116,4,0,270
1,571QKC,FC5710117,3,0,270
1,571QKC,FC5710118,3,0,270
1,571QKC,FC5710122,8,0,270
1,571QKC,FC5710123,2,0,270
1,571QKC,FC5710134,3,0,270
1,571QKC,FC5710141,6,0,270
1,571QKC,FC5710167,4,0,270
1,571QKC,FC5710177,6,0,270
1,571QKC,FC5710187,14,0,270
1,571QKC,FC5710188,9,0,270
1,571QKC,FC5710196,6,0,270
1,571QKC,FC5710215,3,0,270
1,571QKC,FC5710216,3,0,270
1,571QKC,FC5710237,6,0,270
1,571QKC,FC5710238,4,0,270
1,571QKC,FC5710242,2,0,270
1,571QKC,FC5710244,6,0,270
1,571QKC,FC5710258,4,0,270
1,571QKC,FC5710285,3,0,270
1,571QKC,FC5710286,2,0,270
1,571QKC,FC5710324,38,0,270
1,571QKC,FC5710328,3,0,270
1,571QKC,FC5710343,6,0,270
1,571QKC,FC5710344,6,0,270
1,571QKC,FC5710347,8,0,270
1,571QKC,FC5710471,4,0,270
1,571QKC,FC5710472,6,0,270
1,571QKC,FC5710473,4,0,270
1,571QKC,FC5710517,6,0,270
1,571QKC,FC5710533,12,0,270
1,571QKC,FC5710556,17,0,270
1,571QKC,FC5710568,9,0,270
1,571QKC,FC5710581,17,0,270
1,571QKC,FC5710582,17,0,270
1,571QKC,FC5710586,3,0,270
1,571QKC,FC5710598,4,0,270
1,571QKC,FC5710599,4,0,270
1,571QKC,FC5710628,4,0,270
1,571QKC,FC5710629,4,0,270
1,571QKC,FC5710635,3,0,270
1,571QKC,FC5710636,3,0,270
1,571QKC,FC5710637,3,0,270
1,571QKC,FC5710641,6,0,270
1,571QKC,FC5710680,9,0,270
1,571QKC,FC5710697,4,0,270
1,571QKC,FC5710698,3,0,270
1,571QKC,FC5710717,9,0,270
1,571QKC,FC5710718,6,0,270
1,571QKC,FC5710729,6,0,270
1,571QKC,FC5710733,3,0,270
1,571QKC,FC5710734,7,0,270
1,571QKC,FC5710738,4,0,270
1,571QKC,FC5710751,3,0,270
1,571QKC,FC5710757,3,0,270
1,571QKC,FC5710758,2,0,270
1,571QKC,FC5710759,2,0,270
1,571QKC,FC5710807,3,0,270
1,571QKC,FC5710827,17,0,270
1,571QKC,FC5710830,4,0,270
1,571QKC,FC5710873,3,0,270
1,571QKC,FC5710895,9,0,270
1,571QKC,FC5710945,21,0,270
1,571QKC,FC5710947,12,0,270
1,571QKC,FC5710953,7,0,270
1,571QKC,FC5710967,13,0,270
1,571QKC,FC5710968,5,0,270
1,571QKC,FC5710970,7,0,270
1,571QKC,FC5710972,3,0,270
1,571QKC,FC5710990,5,0,270
1,571QKC,FC5711017,9,0,270
1,571QKC,FC5711033,5,0,270
1,571QKC,FC5711039,3,0,270
1,571QKC,FC5711044,2,0,270
1,571QKC,FC5711055,4,0,270
1,571QKC,FC5711087,4,0,270
1,571QKC,FC5711090,6,0,270
1,571QKC,FC5711091,4,0,270
1,571QKC,FC5711092,35,0,270
1,571QKC,FC5711104,8,0,270
1,571QKC,FC5711105,8,0,270
1,571QKC,FC5711147,6,0,270
1,571QKC,FC5711152,3,0,270
1,571QKC,FC5711174,30,0,270
1,571QKC,FC5711175,38,0,270
1,571QKC,FC5711176,30,0,270
1,571QKC,FC5711185,4,0,270
1,571QKC,FC5711186,9,0,270
1,571QKC,FC5711200,6,0,270
1,571QKC,FC5711201,3,0,270
1,571QKC,FC5711224,17,0,270
1,571QKC,FC5711260,6,0,270
1,571QKC,FC5711289,7,0,270
1,571QKC,FC5711302,21,0,270
1,571QKC,FC5711325,9,0,270
1,571QKC,FC5711326,9,0,270
1,571QKC,FC5711378,6,0,270
1,571QKC,FC5711379,7,0,270
1,571QKC,FC5711391,3,0,270
1,571QKC,FC5711395,7,0,270
1,571QKC,FC5711396,7,0,270
1,571QKC,FC5711413,5,0,270
1,571QKC,FC5711418,21,0,270
1,571QKC,FC5711419,6,0,270
1,571QKC,FC5711431,21,0,270
1,571QKC,FC5711444,5,0,270
1,571QKC,FC5711447,5,0,270
1,571QKC,FC5711495,6,0,270
1,571QKC,FC5711496,6,0,270
1,571QKC,FC5711528,5,0,270
1,571QKC,FC5711543,7,0,270
1,571QKC,FC5711549,3,0,270
1,571QKC,FC5711576,12,0,270
1,571QKC,FC5711591,30,0,270
1,571QKC,FC5711601,5,0,270
1,571QKC,FC5711640,15,0,270
1,571QKC,FC5711649,5,0,270
1,571QKC,FC5711664,11,0,270
1,571QKC,FC5711665,11,0,270
1,571QKC,FC5711670,9,0,270
1,571QKC,FC5711671,6,0,270
1,571QKC,FC5711694,5,0,270
1,571QKC,FC5711695,7,0,270
1,571QKC,FC5711766,9,0,270
1,571QKC,FC5711770,38,0,270
1,571QKC,FC5711803,6,0,270
1,571QKC,FC5711837,7,0,270
1,571QKC,FC5711861,5,0,270
1,571QKC,FC5711903,11,0,270
1,571QKC,FC5711904,9,0,270
1,571QKC,FC5711905,11,0,270
1,571QKC,FC5711906,21,0,270
1,571QKC,FC5711912,7,0,270
1,571QKC,FC5711913,9,0,270
1,571QKC,FC5711947,13,0,270
1,571QKC,FC5711948,13,0,270
1,571QKC,FC5711950,9,0,270
1,571QKC,FC5711961,9,0,270
1,571QKC,FC5711968,56,0,270
1,571QKC,FC5712007,13,0,270
1,571QKC,FC5712008,9,0,270
1,571QKC,FC5712009,7,0,270
1,571QKC,FC5712028,13,0,270
1,571QKC,FC5712033,9,0,270
1,571QKC,FC5712036,5,0,270
1,571QKC,FC5712042,5,0,270
1,571QKC,FC5712111,38,0,270
1,571QKC,FC5712130,5,0,270
1,571QKC,FC5712132,9,0,270
1,571QKC,FC5712136,30,0,270
1,571QKC,FC5712165,6,0,270
1,571QKC,FC5712168,7,0,270
1,571QKC,FC5712169,6,0,270
1,571QKC,FC5712177,4,0,270
1,571QKC,FC5712180,13,0,270
1,571QKC,FC5712183,7,0,270
1,571QKC,FC5712210,6,0,270
1,571QKC,FC5712220,9,0,270
1,571QKC,FC5712221,7,0,270
1,571QKC,FC5712222,9,0,270
1,571QKC,FC5712223,7,0,270
1,571QKC,FC5712224,9,0,270
1,571QKC,FC5712226,3,0,270
1,571QKC,FC5712227,5,0,270
1,571QKC,FC5712228,17,0,270
1,571QKC,FC5712232,5,0,270
1,571QKC,FC5712233,5,0,270
1,571QKC,FC5712234,7,0,270
1,571QKC,FC5712244,7,0,270
1,571QKC,FC5712267,7,0,270
1,571QKC,FC5712268,9,0,270
1,571QKC,FC5712300,25,0,270
1,571QKC,FC5712309,5,0,270
1,571QKC,FC5712310,5,0,270
1,571QKC,FC5712312,4,0,270
1,571QKC,FC5712316,5,0,270
1,571QKC,FC5712353,8,0,270
1,571QKC,FC5712354,6,0,270
1,571QKC,FC5712369,9,0,270
1,571QKC,FC5712394,10,0,270
1,571QKC,FC5712396,10,0,270
1,571QKC,FC5712411,9,0,270
1,571QKC,FC5712412,6,0,270
1,571QKC,FC5712413,7,0,270
1,571QKC,FC5712423,5,0,270
1,571QKC,FC5712430,9,0,270
1,571QKC,FC5712431,9,0,270
1,571QKC,FC5712432,9,0,270
1,571QKC,FC5712434,5,0,270
1,571QKC,FC5712438,9,0,270
1,571QKC,FC5712451,12,0,270
1,571QKC,FC5712452,12,0,270
1,571QKC,FC5712470,7,0,270
1,571QKC,FC5712471,7,0,270
1,571QKC,FC5712476,9,0,270
1,571QKC,FC5712493,38,0,270
1,571QKC,FC5712526,38,0,270
1,571QKC,FC5712545,10,0,270
1,571QKC,FC5712574,24,0,270
1,571QKC,FC5712578,25,0,270
1,571QKC,FC5712598,9,0,270
1,571QKC,FC5712599,9,0,270
1,571QKC,FC5712626,11,0,270
1,571QKC,FC5712653,5,0,270
1,571QKC,FC5712676,13,0,270
1,571QKC,FC5712677,7,0,270
1,571QKC,FC5712678,7,0,270
1,571QKC,FC5712771,6,0,270
1,571QKC,FC5712774,11,0,270
1,571QKC,FC5712775,11,0,270
1,571QKC,FC5712780,4,0,270
1,571QKC,FC5712795,11,0,270
1,571QKC,FC5712799,5,0,270
1,571QKC,FC5712808,12,0,270
1,571QKC,FC5712809,9,0,270
1,571QKC,FC5712820,7,0,270
1,571QKC,FC5712827,14,0,270
1,571QKC,FC5712858,6,0,270
1,571QKC,FC5712863,11,0,270
1,571QKC,FC5712870,6,0,270
1,571QKC,FC5712886,30,0,270
1,571QKC,FC5712899,14,0,270
1,571QKC,FC5712903,9,0,270
1,571QKC,FC5712904,9,0,270
1,571QKC,FC5712911,9,0,270
1,571QKC,FC5712912,38,0,270
1,571QKC,FC5712958,8,0,270
1,571QKC,FC5712960,12,0,270
1,571QKC,FC5712961,12,0,270
1,571QKC,FC5712970,14,0,270
1,571QKC,FC5713000,6,0,270
1,571QKC,FC5713001,9,0,270
1,571QKC,FC5713046,6,0,270
1,571QKC,FC5713047,17,0,270
1,571QKC,FC5713052,6,0,270
1,571QKC,FC5713058,7,0,270
1,571QKC,FC5713095,10,0,270
1,571QKC,FC5713114,16,0,270
1,571QKC,FC5713115,25,0,270
1,571QKC,FC5713146,9,0,270
1,571QKC,FC5713147,14,0,270
1,571QKC,FC5713150,14,0,270
1,571QKC,FC5713151,6,0,270
1,571QKC,FC5713199,8,0,270
1,571QKC,FC5713274,13,0,270
1,571QKC,FC5713286,8,0,270
1,571QKC,FC5713303,14,0,270
1,571QKC,FC5713333,11,0,270
1,571QKC,FC5713376,11,0,270
1,571QKC,FC5713387,7,0,270
1,571QKC,FC5713419,9,0,270
1,571QKC,FC5713429,8,0,270
1,571QKC,FC5713430,6,0,270
1,571QKC,FC5713479,9,0,270
1,571QKC,FC5713480,9,0,270
1,571QKC,FC5713481,9,0,270
1,571QKC,FC5713482,9,0,270
1,571QKC,FC5713483,9,0,270
1,571QKC,FC5713484,9,0,270
1,571QKC,FC5713491,9,0,270
1,571QKC,FC5713518,17,0,270
1,571QKC,FC5713519,11,0,270
1,571QKC,FC5713520,11,0,270
1,571QKC,FC5713521,9,0,270
1,571QKC,FC5713522,11,0,270
1,571QKC,FC5713523,7,0,270
1,571QKC,FC5713526,14,0,270
1,571QKC,FC5713534,12,0,270
1,571QKC,FC5713543,9,0,270
1,571QKC,FC5713580,6,0,270
1,571QKC,FC5713597,25,0,270
1,571QKC,FC5713598,14,0,270
1,571QKC,FC5713601,9,0,270
1,571QKC,FC5713602,6,0,270
1,571QKC,FC5713603,9,0,270
1,571QKC,FC5713605,9,0,270
1,571QKC,FC5713608,13,0,270
1,571QKC,FC5713611,9,0,270
1,571QKC,FC5713629,11,0,270
1,571QKC,FC5713672,18,0,270
1,571QKC,FC5713673,14,0,270
1,571QKC,FC5713684,13,0,270
1,571QKC,FC5713685,12,0,270
1,571QKC,FC5713722,8,0,270
1,571QKC,FC5713729,9,0,270
1,571QKC,FC5713730,9,0,270
1,571QKC,FC5713775,7,0,270
1,571QKC,FC5713776,7,0,270
1,571QKC,FC5713777,9,0,270
1,571QKC,FC5713778,9,0,270
1,571QKC,FC5713831,9,0,270
1,571QKC,FC5713840,6,0,270
1,571QKC,FC5713841,6,0,270
1,571QKC,FC5713880,12,0,270
1,571QKC,FC5713882,13,0,270
1,571QKC,FC5713883,13,0,270
1,571QKC,FC5713885,13,0,270
1,571QKC,FC5713897,7,0,270
1,571QKE,FC5710021,13,0,270
1,571QKE,FC5710032,3,0,270
1,571QKE,FC5710034,4,0,270
1,571QKE,FC5710044,3,0,270
1,571QKE,FC5710050,1,0,270
1,571QKE,FC5710061,2,0,270
1,571QKE,FC5710062,1,0,270
1,571QKE,FC5710067,2,0,270
1,571QKE,FC5710068,2,0,270
1,571QKE,FC5710069,1,0,270
1,571QKE,FC5710070,2,0,270
1,571QKE,FC5710071,2,0,270
1,571QKE,FC5710072,1,0,270
1,571QKE,FC5710073,6,0,270
1,571QKE,FC5710074,3,0,270
1,571QKE,FC5710075,4,0,270
1,571QKE,FC5710076,7,0,270
1,571QKE,FC5710127,1,0,270
1,571QKE,FC5710129,2,0,270
1,571QKE,FC5710130,3,0,270
1,571QKE,FC5710140,2,0,270
1,571QKE,FC5710146,1,0,270
1,571QKE,FC5710147,6,0,270
1,571QKE,FC5710162,3,0,270
1,571QKE,FC5710165,2,0,270
1,571QKE,FC5710193,3,0,270
1,571QKE,FC5710221,2,0,270
1,571QKE,FC5710222,4,0,270
1,571QKE,FC5710230,7,0,270
1,571QKE,FC5710231,5,0,270
1,571QKE,FC5710232,7,0,270
1,571QKE,FC5710236,7,0,270
1,571QKE,FC5710245,6,0,270
1,571QKE,FC5710246,2,0,270
1,571QKE,FC5710249,1,0,270
1,571QKE,FC5710250,4,0,270
1,571QKE,FC5710256,3,0,270
1,571QKE,FC5710261,2,0,270
1,571QKE,FC5710274,5,0,270
1,571QKE,FC5710287,5,0,270
1,571QKE,FC5710303,2,0,270
1,571QKE,FC5710339,3,0,270
1,571QKE,FC5710348,4,0,270
1,571QKE,FC5710359,3,0,270
1,571QKE,FC5710366,1,0,270
1,571QKE,FC5710369,6,0,270
1,571QKE,FC5710373,3,0,270
1,571QKE,FC5710376,3,0,270
1,571QKE,FC5710385,2,0,270
1,571QKE,FC5710408,2,0,270
1,571QKE,FC5710409,10,0,270
1,571QKE,FC5710410,6,0,270
1,571QKE,FC5710411,4,0,270
1,571QKE,FC5710412,3,0,270
1,571QKE,FC5710415,2,0,270
1,571QKE,FC5710416,1,0,270
1,571QKE,FC5710420,3,0,270
1,571QKE,FC5710451,3,0,270
1,571QKE,FC5710462,7,0,270
1,571QKE,FC5710474,2,0,270
1,571QKE,FC5710486,6,0,270
1,571QKE,FC5710505,2,0,270
1,571QKE,FC5710531,2,0,270
1,571QKE,FC5710542,27,0,270
1,571QKE,FC5710550,7,0,270
1,571QKE,FC5710551,7,0,270
1,571QKE,FC5710563,1,0,270
1,571QKE,FC5710564,2,0,270
1,571QKE,FC5710567,5,0,270
1,571QKE,FC5710570,1,0,270
1,571QKE,FC5710571,6,0,270
1,571QKE,FC5710573,5,0,270
1,571QKE,FC5710575,8,0,270
1,571QKE,FC5710583,5,0,270
1,571QKE,FC5710588,2,0,270
1,571QKE,FC5710590,4,0,270
1,571QKE,FC5710596,2,0,270
1,571QKE,FC5710604,6,0,270
1,571QKE,FC5710605,6,0,270
1,571QKE,FC5710607,3,0,270
1,571QKE,FC5710608,4,0,270
1,571QKE,FC5710614,9,0,270
1,571QKE,FC5710616,3,0,270
1,571QKE,FC5710632,6,0,270
1,571QKE,FC5710646,2,0,270
1,571QKE,FC5710657,1,0,270
1,571QKE,FC5710665,13,0,270
1,571QKE,FC5710673,2,0,270
1,571QKE,FC5710683,3,0,270
1,571QKE,FC5710685,2,0,270
1,571QKE,FC5710702,3,0,270
1,571QKE,FC5710704,2,0,270
1,571QKE,FC5710708,4,0,270
1,571QKE,FC5710709,4,0,270
1,571QKE,FC5710748,5,0,270
1,571QKE,FC5710753,3,0,270
1,571QKE,FC5710762,8,0,270
1,571QKE,FC5710763,8,0,270
1,571QKE,FC5710764,8,0,270
1,571QKE,FC5710765,8,0,270
1,571QKE,FC5710769,13,0,270
1,571QKE,FC5710770,7,0,270
1,571QKE,FC5710771,7,0,270
1,571QKE,FC5710772,5,0,270
1,571QKE,FC5710774,8,0,270
1,571QKE,FC5710775,8,0,270
1,571QKE,FC5710776,10,0,270
1,571QKE,FC5710777,6,0,270
1,571QKE,FC5710798,3,0,270
1,571QKE,FC5710826,4,0,270
1,571QKE,FC5710836,2,0,270
1,571QKE,FC5710840,3,0,270
1,571QKE,FC5710841,2,0,270
1,571QKE,FC5710843,2,0,270
1,571QKE,FC5710844,2,0,270
1,571QKE,FC5710848,4,0,270
1,571QKE,FC5710853,3,0,270
1,571QKE,FC5710858,4,0,270
1,571QKE,FC5710871,2,0,270
1,571QKE,FC5710872,2,0,270
1,571QKE,FC5710874,18,0,270
1,571QKE,FC5710877,9,0,270
1,571QKE,FC5710880,18,0,270
1,571QKE,FC5710887,4,0,270
1,571QKE,FC5710893,2,0,270
1,571QKE,FC5710905,24,0,270
1,571QKE,FC5710909,2,0,270
1,571QKE,FC5710910,2,0,270
1,571QKE,FC5710920,6,0,270
1,571QKE,FC5710930,2,0,270
1,571QKE,FC5710935,2,0,270
1,571QKE,FC5710937,2,0,270
1,571QKE,FC5710955,19,0,270
1,571QKE,FC5710958,2,0,270
1,571QKE,FC5710962,2,0,270
1,571QKE,FC5710971,1,0,270
1,571QKE,FC5710975,5,0,270
1,571QKE,FC5710976,5,0,270
1,571QKE,FC5710980,4,0,270
1,571QKE,FC5710981,1,0,270
1,571QKE,FC5710997,8,0,270
1,571QKE,FC5710998,7,0,270
1,571QKE,FC5711003,3,0,270
1,571QKE,FC5711011,2,0,270
1,571QKE,FC5711015,23,0,270
1,571QKE,FC5711035,4,0,270
1,571QKE,FC5711045,5,0,270
1,571QKE,FC5711048,3,0,270
1,571QKE,FC5711059,2,0,270
1,571QKE,FC5711074,6,0,270
1,571QKE,FC5711076,10,0,270
1,571QKE,FC5711078,3,0,270
1,571QKE,FC5711079,3,0,270
1,571QKE,FC5711080,5,0,270
1,571QKE,FC5711082,3,0,270
1,571QKE,FC5711083,2,0,270
1,571QKE,FC5711084,1,0,270
1,571QKE,FC5711086,1,0,270
1,571QKE,FC5711098,6,0,270
1,571QKE,FC5711106,2,0,270
1,571QKE,FC5711108,4,0,270
1,571QKE,FC5711115,3,0,270
1,571QKE,FC5711122,1,0,270
1,571QKE,FC5711123,5,0,270
1,571QKE,FC5711124,2,0,270
1,571QKE,FC5711125,1,0,270
1,571QKE,FC5711126,1,0,270
1,571QKE,FC5711140,3,0,270
1,571QKE,FC5711141,2,0,270
1,571QKE,FC5711142,9,0,270
1,571QKE,FC5711191,33,0,270
1,571QKE,FC5711192,20,0,270
1,571QKE,FC5711194,6,0,270
1,571QKE,FC5711195,6,0,270
1,571QKE,FC5711202,3,0,270
1,571QKE,FC5711203,4,0,270
1,571QKE,FC5711204,2,0,270
1,571QKE,FC5711205,3,0,270
1,571QKE,FC5711206,4,0,270
1,571QKE,FC5711207,3,0,270
1,571QKE,FC5711208,3,0,270
1,571QKE,FC5711209,4,0,270
1,571QKE,FC5711210,5,0,270
1,571QKE,FC5711211,5,0,270
1,571QKE,FC5711213,5,0,270
1,571QKE,FC5711214,7,0,270
1,571QKE,FC5711215,11,0,270
1,571QKE,FC5711216,4,0,270
1,571QKE,FC5711217,5,0,270
1,571QKE,FC5711231,6,0,270
1,571QKE,FC5711232,3,0,270
1,571QKE,FC5711233,2,0,270
1,571QKE,FC5711234,4,0,270
1,571QKE,FC5711235,4,0,270
1,571QKE,FC5711237,4,0,270
1,571QKE,FC5711239,2,0,270
1,571QKE,FC5711241,7,0,270
1,571QKE,FC5711242,2,0,270
1,571QKE,FC5711243,7,0,270
1,571QKE,FC5711244,3,0,270
1,571QKE,FC5711245,2,0,270
1,571QKE,FC5711247,2,0,270
1,571QKE,FC5711249,6,0,270
1,571QKE,FC5711255,3,0,270
1,571QKE,FC5711264,4,0,270
1,571QKE,FC5711269,1,0,270
1,571QKE,FC5711271,3,0,270
1,571QKE,FC5711277,5,0,270
1,571QKE,FC5711279,4,0,270
1,571QKE,FC5711282,3,0,270
1,571QKE,FC5711304,4,0,270
1,571QKE,FC5711306,4,0,270
1,571QKE,FC5711328,3,0,270
1,571QKE,FC5711330,8,0,270
1,571QKE,FC5711332,8,0,270
1,571QKE,FC5711334,3,0,270
1,571QKE,FC5711337,6,0,270
1,571QKE,FC5711338,19,0,270
1,571QKE,FC5711339,19,0,270
1,571QKE,FC5711340,19,0,270
1,571QKE,FC5711341,5,0,270
1,571QKE,FC5711350,7,0,270
1,571QKE,FC5711353,6,0,270
1,571QKE,FC5711355,6,0,270
1,571QKE,FC5711393,4,0,270
1,571QKE,FC5711406,5,0,270
1,571QKE,FC5711407,8,0,270
1,571QKE,FC5711409,7,0,270
1,571QKE,FC5711410,5,0,270
1,571QKE,FC5711422,3,0,270
1,571QKE,FC5711423,2,0,270
1,571QKE,FC5711424,3,0,270
1,571QKE,FC5711425,3,0,270
1,571QKE,FC5711426,2,0,270
1,571QKE,FC5711427,2,0,270
1,571QKE,FC5711463,2,0,270
1,571QKE,FC5711464,7,0,270
1,571QKE,FC5711465,19,0,270
1,571QKE,FC5711466,4,0,270
1,571QKE,FC5711490,2,0,270
1,571QKE,FC5711499,4,0,270
1,571QKE,FC5711500,5,0,270
1,571QKE,FC5711503,19,0,270
1,571QKE,FC5711504,19,0,270
1,571QKE,FC5711509,3,0,270
1,571QKE,FC5711510,3,0,270
1,571QKE,FC5711514,4,0,270
1,571QKE,FC5711516,4,0,270
1,571QKE,FC5711519,2,0,270
1,571QKE,FC5711524,18,0,270
1,571QKE,FC5711525,18,0,270
1,571QKE,FC5711526,15,0,270
1,571QKE,FC5711533,5,0,270
1,571QKE,FC5711540,2,0,270
1,571QKE,FC5711541,3,0,270
1,571QKE,FC5711545,4,0,270
1,571QKE,FC5711546,3,0,270
1,571QKE,FC5711555,2,0,270
1,571QKE,FC5711568,9,0,270
1,571QKE,FC5711569,9,0,270
1,571QKE,FC5711570,7,0,270
1,571QKE,FC5711571,9,0,270
1,571QKE,FC5711573,19,0,270
1,571QKE,FC5711581,1,0,270
1,571QKE,FC5711582,3,0,270
1,571QKE,FC5711603,2,0,270
1,571QKE,FC5711610,3,0,270
1,571QKE,FC5711617,11,0,270
1,571QKE,FC5711618,5,0,270
1,571QKE,FC5711641,19,0,270
1,571QKE,FC5711648,5,0,270
1,571QKE,FC5711655,3,0,270
1,571QKE,FC5711656,5,0,270
1,571QKE,FC5711662,3,0,270
1,571QKE,FC5711666,2,0,270
1,571QKE,FC5711667,2,0,270
1,571QKE,FC5711668,2,0,270
1,571QKE,FC5711669,2,0,270
1,571QKE,FC5711691,2,0,270
1,571QKE,FC5711692,2,0,270
1,571QKE,FC5711701,3,0,270
1,571QKE,FC5711702,3,0,270
1,571QKE,FC5711703,2,0,270
1,571QKE,FC5711705,2,0,270
1,571QKE,FC5711708,4,0,270
1,571QKE,FC5711709,4,0,270
1,571QKE,FC5711726,8,0,270
1,571QKE,FC5711728,7,0,270
1,571QKE,FC5711729,7,0,270
1,571QKE,FC5711730,7,0,270
1,571QKE,FC5711732,8,0,270
1,571QKE,FC5711751,7,0,270
1,571QKE,FC5711771,6,0,270
1,571QKE,FC5711815,6,0,270
1,571QKE,FC5711825,13,0,270
1,571QKE,FC5711829,19,0,270
1,571QKE,FC5711831,3,0,270
1,571QKE,FC5711851,2,0,270
1,571QKE,FC5711852,2,0,270
1,571QKE,FC5711854,12,0,270
1,571QKE,FC5711855,12,0,270
1,571QKE,FC5711859,5,0,270
1,571QKE,FC5711860,3,0,270
1,571QKE,FC5711866,4,0,270
1,571QKE,FC5711867,4,0,270
1,571QKE,FC5711881,7,0,270
1,571QKE,FC5711882,9,0,270
1,571QKE,FC5711883,1,0,270
1,571QKE,FC5711884,1,0,270
1,571QKE,FC5711899,4,0,270
1,571QKE,FC5711921,3,0,270
1,571QKE,FC5711922,5,0,270
1,571QKE,FC5711923,5,0,270
1,571QKE,FC5711925,5,0,270
1,571QKE,FC5711926,3,0,270
1,571QKE,FC5711927,3,0,270
1,571QKE,FC5711928,5,0,270
1,571QKE,FC5711930,3,0,270
1,571QKE,FC5711931,5,0,270
1,571QKE,FC5711937,3,0,270
1,571QKE,FC5711943,1,0,270
1,571QKE,FC5711944,1,0,270
1,571QKE,FC5711945,2,0,270
1,571QKE,FC5711962,3,0,270
1,571QKE,FC5711963,3,0,270
1,571QKE,FC5711965,3,0,270
1,571QKE,FC5711982,2,0,270
1,571QKE,FC5711983,7,0,270
1,571QKE,FC5711984,7,0,270
1,571QKE,FC5711990,3,0,270
1,571QKE,FC5711992,2,0,270
1,571QKE,FC5711993,2,0,270
1,571QKE,FC5711995,5,0,270
1,571QKE,FC5712018,3,0,270
1,571QKE,FC5712019,10,0,270
1,571QKE,FC5712020,5,0,270
1,571QKE,FC5712022,4,0,270
1,571QKE,FC5712030,10,0,270
1,571QKE,FC5712035,6,0,270
1,571QKE,FC5712038,9,0,270
1,571QKE,FC5712045,5,0,270
1,571QKE,FC5712055,2,0,270
1,571QKE,FC5712056,1,0,270
1,571QKE,FC5712057,1,0,270
1,571QKE,FC5712059,8,0,270
1,571QKE,FC5712083,3,0,270
1,571QKE,FC5712112,7,0,270
1,571QKE,FC5712113,7,0,270
1,571QKE,FC5712114,7,0,270
1,571QKE,FC5712115,4,0,270
1,571QKE,FC5712116,7,0,270
1,571QKE,FC5712118,12,0,270
1,571QKE,FC5712119,12,0,270
1,571QKE,FC5712120,6,0,270
1,571QKE,FC5712122,4,0,270
1,571QKE,FC5712123,3,0,270
1,571QKE,FC5712124,4,0,270
1,571QKE,FC5712131,4,0,270
1,571QKE,FC5712133,3,0,270
1,571QKE,FC5712134,4,0,270
1,571QKE,FC5712135,2,0,270
1,571QKE,FC5712145,13,0,270
1,571QKE,FC5712147,2,0,270
1,571QKE,FC5712148,2,0,270
1,571QKE,FC5712167,15,0,270
1,571QKE,FC5712171,15,0,270
1,571QKE,FC5712193,6,0,270
1,571QKE,FC5712194,7,0,270
1,571QKE,FC5712203,3,0,270
1,571QKE,FC5712204,3,0,270
1,571QKE,FC5712205,3,0,270
1,571QKE,FC5712235,3,0,270
1,571QKE,FC5712236,3,0,270
1,571QKE,FC5712238,14,0,270
1,571QKE,FC5712239,3,0,270
1,571QKE,FC5712255,4,0,270
1,571QKE,FC5712256,4,0,270
1,571QKE,FC5712257,4,0,270
1,571QKE,FC5712271,2,0,270
1,571QKE,FC5712275,4,0,270
1,571QKE,FC5712276,4,0,270
1,571QKE,FC5712284,2,0,270
1,571QKE,FC5712285,3,0,270
1,571QKE,FC5712286,4,0,270
1,571QKE,FC5712287,3,0,270
1,571QKE,FC5712288,5,0,270
1,571QKE,FC5712289,4,0,270
1,571QKE,FC5712290,6,0,270
1,571QKE,FC5712291,7,0,270
1,571QKE,FC5712295,2,0,270
1,571QKE,FC5712296,2,0,270
1,571QKE,FC5712307,2,0,270
1,571QKE,FC5712308,5,0,270
1,571QKE,FC5712325,5,0,270
1,571QKE,FC5712326,6,0,270
1,571QKE,FC5712331,5,0,270
1,571QKE,FC5712359,18,0,270
1,571QKE,FC5712360,32,0,270
1,571QKE,FC5712361,32,0,270
1,571QKE,FC5712363,3,0,270
1,571QKE,FC5712377,4,0,270
1,571QKE,FC5712401,13,0,270
1,571QKE,FC5712402,12,0,270
1,571QKE,FC5712403,12,0,270
1,571QKE,FC5712407,13,0,270
1,571QKE,FC5712426,3,0,270
1,571QKE,FC5712446,12,0,270
1,571QKE,FC5712447,5,0,270
1,571QKE,FC5712486,2,0,270
1,571QKE,FC5712495,6,0,270
1,571QKE,FC5712496,8,0,270
1,571QKE,FC5712499,3,0,270
1,571QKE,FC5712500,3,0,270
1,571QKE,FC5712501,3,0,270
1,571QKE,FC5712506,3,0,270
1,571QKE,FC5712512,5,0,270
1,571QKE,FC5712513,5,0,270
1,571QKE,FC5712533,2,0,270
1,571QKE,FC5712534,3,0,270
1,571QKE,FC5712537,3,0,270
1,571QKE,FC5712538,2,0,270
1,571QKE,FC5712541,9,0,270
1,571QKE,FC5712552,3,0,270
1,571QKE,FC5712592,8,0,270
1,571QKE,FC5712609,22,0,270
1,571QKE,FC5712624,2,0,270
1,571QKE,FC5712625,2,0,270
1,571QKE,FC5712635,5,0,270
1,571QKE,FC5712636,7,0,270
1,571QKE,FC5712637,7,0,270
1,571QKE,FC5712646,5,0,270
1,571QKE,FC5712647,3,0,270
1,571QKE,FC5712648,3,0,270
1,571QKE,FC5712649,5,0,270
1,571QKE,FC5712662,3,0,270
1,571QKE,FC5712663,3,0,270
1,571QKE,FC5712665,22,0,270
1,571QKE,FC5712666,15,0,270
1,571QKE,FC5712669,2,0,270
1,571QKE,FC5712680,3,0,270
1,571QKE,FC5712683,2,0,270
1,571QKE,FC5712696,6,0,270
1,571QKE,FC5712697,6,0,270
1,571QKE,FC5712699,7,0,270
1,571QKE,FC5712700,3,0,270
1,571QKE,FC5712707,5,0,270
1,571QKE,FC5712724,3,0,270
1,571QKE,FC5712725,3,0,270
1,571QKE,FC5712726,6,0,270
1,571QKE,FC5712742,8,0,270
1,571QKE,FC5712743,10,0,270
1,571QKE,FC5712744,7,0,270
1,571QKE,FC5712769,5,0,270
1,571QKE,FC5712779,7,0,270
1,571QKE,FC5712784,7,0,270
1,571QKE,FC5712785,7,0,270
1,571QKE,FC5712793,3,0,270
1,571QKE,FC5712794,2,0,270
1,571QKE,FC5712805,23,0,270
1,571QKE,FC5712813,28,0,270
1,571QKE,FC5712814,28,0,270
1,571QKE,FC5712821,2,0,270
1,571QKE,FC5712823,18,0,270
1,571QKE,FC5712830,9,0,270
1,571QKE,FC5712831,6,0,270
1,571QKE,FC5712836,3,0,270
1,571QKE,FC5712840,2,0,270
1,571QKE,FC5712841,3,0,270
1,571QKE,FC5712844,2,0,270
1,571QKE,FC5712845,12,0,270
1,571QKE,FC5712846,4,0,270
1,571QKE,FC5712855,2,0,270
1,571QKE,FC5712856,5,0,270
1,571QKE,FC5712859,8,0,270
1,571QKE,FC5712872,10,0,270
1,571QKE,FC5712873,13,0,270
1,571QKE,FC5712882,5,0,270
1,571QKE,FC5712884,5,0,270
1,571QKE,FC5712889,3,0,270
1,571QKE,FC5712897,3,0,270
1,571QKE,FC5712913,3,0,270
1,571QKE,FC5712914,3,0,270
1,571QKE,FC5712915,5,0,270
1,571QKE,FC5712916,3,0,270
1,571QKE,FC5712918,9,0,270
1,571QKE,FC5712927,5,0,270
1,571QKE,FC5712931,3,0,270
1,571QKE,FC5712938,28,0,270
1,571QKE,FC5712939,5,0,270
1,571QKE,FC5712974,3,0,270
1,571QKE,FC5712982,5,0,270
1,571QKE,FC5713005,4,0,270
1,571QKE,FC5713011,3,0,270
1,571QKE,FC5713014,6,0,270
1,571QKE,FC5713019,7,0,270
1,571QKE,FC5713022,8,0,270
1,571QKE,FC5713023,4,0,270
1,571QKE,FC5713024,27,0,270
1,571QKE,FC5713025,6,0,270
1,571QKE,FC5713026,7,0,270
1,571QKE,FC5713027,9,0,270
1,571QKE,FC5713039,3,0,270
1,571QKE,FC5713040,3,0,270
1,571QKE,FC5713060,3,0,270
1,571QKE,FC5713070,8,0,270
1,571QKE,FC5713082,17,0,270
1,571QKE,FC5713083,22,0,270
1,571QKE,FC5713084,18,0,270
1,571QKE,FC5713085,2,0,270
1,571QKE,FC5713091,3,0,270
1,571QKE,FC5713092,3,0,270
1,571QKE,FC5713099,3,0,270
1,571QKE,FC5713100,3,0,270
1,571QKE,FC5713101,3,0,270
1,571QKE,FC5713103,13,0,270
1,571QKE,FC5713105,2,0,270
1,571QKE,FC5713106,5,0,270
1,571QKE,FC5713113,3,0,270
1,571QKE,FC5713125,8,0,270
1,571QKE,FC5713133,3,0,270
1,571QKE,FC5713134,3,0,270
1,571QKE,FC5713135,3,0,270
1,571QKE,FC5713137,3,0,270
1,571QKE,FC5713152,2,0,270
1,571QKE,FC5713167,3,0,270
1,571QKE,FC5713168,3,0,270
1,571QKE,FC5713169,3,0,270
1,571QKE,FC5713172,13,0,270
1,571QKE,FC5713178,13,0,270
1,571QKE,FC5713180,4,0,270
1,571QKE,FC5713182,4,0,270
1,571QKE,FC5713194,3,0,270
1,571QKE,FC5713195,6,0,270
1,571QKE,FC5713213,2,0,270
1,571QKE,FC5713214,11,0,270
1,571QKE,FC5713216,6,0,270
1,571QKE,FC5713217,12,0,270
1,571QKE,FC5713221,10,0,270
1,571QKE,FC5713222,7,0,270
1,571QKE,FC5713223,12,0,270
1,571QKE,FC5713224,11,0,270
1,571QKE,FC5713226,8,0,270
1,571QKE,FC5713230,7,0,270
1,571QKE,FC5713231,7,0,270
1,571QKE,FC5713232,11,0,270
1,571QKE,FC5713234,5,0,270
1,571QKE,FC5713239,4,0,270
1,571QKE,FC5713253,3,0,270
1,571QKE,FC5713260,6,0,270
1,571QKE,FC5713263,6,0,270
1,571QKE,FC5713265,9,0,270
1,571QKE,FC5713268,3,0,270
1,571QKE,FC5713270,8,0,270
1,571QKE,FC5713273,27,0,270
1,571QKE,FC5713280,3,0,270
1,571QKE,FC5713288,3,0,270
1,571QKE,FC5713289,3,0,270
1,571QKE,FC5713290,4,0,270
1,571QKE,FC5713301,6,0,270
1,571QKE,FC5713302,4,0,270
1,571QKE,FC5713308,8,0,270
1,571QKE,FC5713309,5,0,270
1,571QKE,FC5713311,3,0,270
1,571QKE,FC5713327,3,0,270
1,571QKE,FC5713337,5,0,270
1,571QKE,FC5713341,3,0,270
1,571QKE,FC5713342,6,0,270
1,571QKE,FC5713345,4,0,270
1,571QKE,FC5713347,3,0,270
1,571QKE,FC5713348,14,0,270
1,571QKE,FC5713349,11,0,270
1,571QKE,FC5713360,9,0,270
1,571QKE,FC5713361,6,0,270
1,571QKE,FC5713362,8,0,270
1,571QKE,FC5713363,6,0,270
1,571QKE,FC5713364,3,0,270
1,571QKE,FC5713365,6,0,270
1,571QKE,FC5713377,3,0,270
1,571QKE,FC5713379,3,0,270
1,571QKE,FC5713380,20,0,270
1,571QKE,FC5713381,5,0,270
1,571QKE,FC5713382,15,0,270
1,571QKE,FC5713384,3,0,270
1,571QKE,FC5713385,3,0,270
1,571QKE,FC5713401,2,0,270
1,571QKE,FC5713402,5,0,270
1,571QKE,FC5713403,3,0,270
1,571QKE,FC5713415,9,0,270
1,571QKE,FC5713416,5,0,270
1,571QKE,FC5713417,5,0,270
1,571QKE,FC5713418,4,0,270
1,571QKE,FC5713427,3,0,270
1,571QKE,FC5713428,3,0,270
1,571QKE,FC5713436,7,0,270
1,571QKE,FC5713437,7,0,270
1,571QKE,FC5713438,3,0,270
1,571QKE,FC5713439,13,0,270
1,571QKE,FC5713440,7,0,270
1,571QKE,FC5713453,14,0,270
1,571QKE,FC5713454,9,0,270
1,571QKE,FC5713455,4,0,270
1,571QKE,FC5713459,3,0,270
1,571QKE,FC5713460,5,0,270
1,571QKE,FC5713461,5,0,270
1,571QKE,FC5713462,5,0,270
1,571QKE,FC5713463,6,0,270
1,571QKE,FC5713464,4,0,270
1,571QKE,FC5713466,3,0,270
1,571QKE,FC5713471,3,0,270
1,571QKE,FC5713473,4,0,270
1,571QKE,FC5713474,3,0,270
1,571QKE,FC5713485,9,0,270
1,571QKE,FC5713490,3,0,270
1,571QKE,FC5713495,5,0,270
1,571QKE,FC5713498,3,0,270
1,571QKE,FC5713499,3,0,270
1,571QKE,FC5713500,3,0,270
1,571QKE,FC5713501,3,0,270
1,571QKE,FC5713503,3,0,270
1,571QKE,FC5713506,4,0,270
1,571QKE,FC5713507,4,0,270
1,571QKE,FC5713508,6,0,270
1,571QKE,FC5713509,4,0,270
1,571QKE,FC5713538,5,0,270
1,571QKE,FC5713539,5,0,270
1,571QKE,FC5713540,5,0,270
1,571QKE,FC5713541,5,0,270
1,571QKE,FC5713542,4,0,270
1,571QKE,FC5713566,7,0,270
1,571QKE,FC5713567,13,0,270
1,571QKE,FC5713571,6,0,270
1,571QKE,FC5713572,6,0,270
1,571QKE,FC5713575,15,0,270
1,571QKE,FC5713577,4,0,270
1,571QKE,FC5713579,11,0,270
1,571QKE,FC5713590,11,0,270
1,571QKE,FC5713623,3,0,270
1,571QKE,FC5713628,5,0,270
1,571QKE,FC5713643,10,0,270
1,571QKE,FC5713655,10,0,270
1,571QKE,FC5713664,17,0,270
1,571QKE,FC5713665,5,0,270
1,571QKE,FC5713666,23,0,270
1,571QKE,FC5713667,7,0,270
1,571QKE,FC5713668,6,0,270
1,571QKE,FC5713669,3,0,270
1,571QKE,FC5713674,11,0,270
1,571QKE,FC5713677,7,0,270
1,571QKE,FC5713679,7,0,270
1,571QKE,FC5713680,11,0,270
1,571QKE,FC5713681,3,0,270
1,571QKE,FC5713682,3,0,270
1,571QKE,FC5713719,7,0,270
1,571QKE,FC5713724,11,0,270
1,571QKE,FC5713725,4,0,270
1,571QKE,FC5713727,11,0,270
1,571QKE,FC5713733,2,0,270
1,571QKE,FC5713734,5,0,270
1,571QKE,FC5713735,3,0,270
1,571QKE,FC5713736,5,0,270
1,571QKE,FC5713737,4,0,270
1,571QKE,FC5713738,3,0,270
1,571QKE,FC5713740,9,0,270
1,571QKE,FC5713741,5,0,270
1,571QKE,FC5713764,3,0,270
1,571QKE,FC5713765,3,0,270
1,571QKE,FC5713766,3,0,270
1,571QKE,FC5713767,3,0,270
1,571QKE,FC5713779,9,0,270
1,571QKE,FC5713780,6,0,270
1,571QKE,FC5713786,5,0,270
1,571QKE,FC5713787,5,0,270
1,571QKE,FC5713788,12,0,270
1,571QKE,FC5713798,4,0,270
1,571QKE,FC5713801,6,0,270
1,571QKE,FC5713802,6,0,270
1,571QKE,FC5713803,6,0,270
1,571QKE,FC5713804,4,0,270
1,571QKE,FC5713805,4,0,270
1,571QKE,FC5713811,4,0,270
1,571QKE,FC5713812,5,0,270
1,571QKE,FC5713824,3,0,270
1,571QKE,FC5713825,2,0,270
1,571QKE,FC5713830,12,0,270
1,571QKE,FC5713858,2,0,270
1,571QKE,FC5713863,10,0,270
1,571QKE,FC5713864,5,0,270
1,571QKE,FC5713865,4,0,270
1,571QKE,FC5713869,2,0,270
1,571QKE,FC5713870,3,0,270
1,571QKE,FC5713871,3,0,270
1,571QKE,FC5713872,2,0,270
1,571QKE,FC5713873,3,0,270
1,571QKE,FC5713874,3,0,270
1,571QKE,FC5713890,5,0,270
1,571QKE,FC5713891,4,0,270
1,571QKE,FC5713893,13,0,270
1,571QKE,FC5713895,3,0,270
1,571QKE,FC5713896,12,0,270
1,571QKF,FC5710052,7,0,270
1,571QKF,FC5710053,7,0,270
1,571QKF,FC5710054,9,0,270
1,571QKF,FC5710055,14,0,270
1,571QKF,FC5710057,3,0,270
1,571QKF,FC5710058,3,0,270
1,571QKF,FC5710059,5,0,270
1,571QKF,FC5710081,7,0,270
1,571QKF,FC5710085,18,0,270
1,571QKF,FC5710086,8,0,270
1,571QKF,FC5710094,11,0,270
1,571QKF,FC5710095,10,0,270
1,571QKF,FC5710096,6,0,270
1,571QKF,FC5710098,4,0,270
1,571QKF,FC5710099,21,0,270
1,571QKF,FC5710105,9,0,270
1,571QKF,FC5710106,14,0,270
1,571QKF,FC5710121,7,0,270
1,571QKF,FC5710137,6,0,270
1,571QKF,FC5710145,3,0,270
1,571QKF,FC5710151,4,0,270
1,571QKF,FC5710152,2,0,270
1,571QKF,FC5710160,12,0,270
1,571QKF,FC5710163,2,0,270
1,571QKF,FC5710164,7,0,270
1,571QKF,FC5710166,18,0,270
1,571QKF,FC5710178,9,0,270
1,571QKF,FC5710179,7,0,270
1,571QKF,FC5710189,5,0,270
1,571QKF,FC5710190,2,0,270
1,571QKF,FC5710191,5,0,270
1,571QKF,FC5710192,2,0,270
1,571QKF,FC5710195,4,0,270
1,571QKF,FC5710197,11,0,270
1,571QKF,FC5710198,11,0,270
1,571QKF,FC5710199,11,0,270
1,571QKF,FC5710200,28,0,270
1,571QKF,FC5710213,5,0,270
1,571QKF,FC5710225,17,0,270
1,571QKF,FC5710226,7,0,270
1,571QKF,FC5710227,3,0,270
1,571QKF,FC5710247,22,0,270
1,571QKF,FC5710248,17,0,270
1,571QKF,FC5710260,7,0,270
1,571QKF,FC5710268,11,0,270
1,571QKF,FC5710269,3,0,270
1,571QKF,FC5710270,7,0,270
1,571QKF,FC5710271,7,0,270
1,571QKF,FC5710272,14,0,270
1,571QKF,FC5710279,3,0,270
1,571QKF,FC5710281,11,0,270
1,571QKF,FC5710297,12,0,270
1,571QKF,FC5710298,4,0,270
1,571QKF,FC5710318,2,0,270
1,571QKF,FC5710319,5,0,270
1,571QKF,FC5710321,11,0,270
1,571QKF,FC5710322,10,0,270
1,571QKF,FC5710323,9,0,270
1,571QKF,FC5710335,3,0,270
1,571QKF,FC5710337,17,0,270
1,571QKF,FC5710350,5,0,270
1,571QKF,FC5710352,11,0,270
1,571QKF,FC5710354,11,0,270
1,571QKF,FC5710355,5,0,270
1,571QKF,FC5710356,12,0,270
1,571QKF,FC5710358,11,0,270
1,571QKF,FC5710360,18,0,270
1,571QKF,FC5710368,29,0,270
1,571QKF,FC5710377,19,0,270
1,571QKF,FC5710378,7,0,270
1,571QKF,FC5710379,7,0,270
1,571QKF,FC5710380,6,0,270
1,571QKF,FC5710386,7,0,270
1,571QKF,FC5710387,7,0,270
1,571QKF,FC5710388,9,0,270
1,571QKF,FC5710392,4,0,270
1,571QKF,FC5710393,4,0,270
1,571QKF,FC5710394,4,0,270
1,571QKF,FC5710395,4,0,270
1,571QKF,FC5710407,18,0,270
1,571QKF,FC5710418,7,0,270
1,571QKF,FC5710421,7,0,270
1,571QKF,FC5710423,3,0,270
1,571QKF,FC5710426,4,0,270
1,571QKF,FC5710439,12,0,270
1,571QKF,FC5710458,8,0,270
1,571QKF,FC5710459,8,0,270
1,571QKF,FC5710460,12,0,270
1,571QKF,FC5710470,11,0,270
1,571QKF,FC5710492,8,0,270
1,571QKF,FC5710511,12,0,270
1,571QKF,FC5710515,2,0,270
1,571QKF,FC5710522,7,0,270
1,571QKF,FC5710523,21,0,270
1,571QKF,FC5710546,16,0,270
1,571QKF,FC5710561,7,0,270
1,571QKF,FC5710565,21,0,270
1,571QKF,FC5710566,32,0,270
1,571QKF,FC5710569,17,0,270
1,571QKF,FC5710587,9,0,270
1,571QKF,FC5710603,2,0,270
1,571QKF,FC5710612,22,0,270
1,571QKF,FC5710615,5,0,270
1,571QKF,FC5710630,3,0,270
1,571QKF,FC5710670,7,0,270
1,571QKF,FC5710671,7,0,270
1,571QKF,FC5710672,4,0,270
1,571QKF,FC5710684,12,0,270
1,571QKF,FC5710703,3,0,270
1,571QKF,FC5710716,16,0,270
1,571QKF,FC5710722,11,0,270
1,571QKF,FC5710744,12,0,270
1,571QKF,FC5710746,7,0,270
1,571QKF,FC5710750,16,0,270
1,571QKF,FC5710783,9,0,270
1,571QKF,FC5710785,5,0,270
1,571QKF,FC5710787,13,0,270
1,571QKF,FC5710791,4,0,270
1,571QKF,FC5710794,4,0,270
1,571QKF,FC5710797,9,0,270
1,571QKF,FC5710817,9,0,270
1,571QKF,FC5710821,11,0,270
1,571QKF,FC5710825,3,0,270
1,571QKF,FC5710846,6,0,270
1,571QKF,FC5710847,18,0,270
1,571QKF,FC5710902,22,0,270
1,571QKF,FC5710906,6,0,270
1,571QKF,FC5710918,7,0,270
1,571QKF,FC5710938,7,0,270
1,571QKF,FC5710944,21,0,270
1,571QKF,FC5710946,9,0,270
1,571QKF,FC5710956,5,0,270
1,571QKF,FC5710957,16,0,270
1,571QKF,FC5710973,7,0,270
1,571QKF,FC5710977,9,0,270
1,571QKF,FC5711028,25,0,270
1,571QKF,FC5711040,7,0,270
1,571QKF,FC5711041,7,0,270
1,571QKF,FC5711049,17,0,270
1,571QKF,FC5711050,4,0,270
1,571QKF,FC5711053,14,0,270
1,571QKF,FC5711054,14,0,270
1,571QKF,FC5711068,4,0,270
1,571QKF,FC5711069,2,0,270
1,571QKF,FC5711070,4,0,270
1,571QKF,FC5711071,5,0,270
1,571QKF,FC5711072,5,0,270
1,571QKF,FC5711073,4,0,270
1,571QKF,FC5711112,16,0,270
1,571QKF,FC5711116,10,0,270
1,571QKF,FC5711129,9,0,270
1,571QKF,FC5711149,4,0,270
1,571QKF,FC5711150,4,0,270
1,571QKF,FC5711155,16,0,270
1,571QKF,FC5711163,18,0,270
1,571QKF,FC5711173,6,0,270
1,571QKF,FC5711180,11,0,270
1,571QKF,FC5711184,10,0,270
1,571QKF,FC5711189,15,0,270
1,571QKF,FC5711197,4,0,270
1,571QKF,FC5711198,4,0,270
1,571QKF,FC5711199,14,0,270
1,571QKF,FC5711223,50,0,270
1,571QKF,FC5711228,7,0,270
1,571QKF,FC5711246,16,0,270
1,571QKF,FC5711248,14,0,270
1,571QKF,FC5711254,11,0,270
1,571QKF,FC5711257,10,0,270
1,571QKF,FC5711258,12,0,270
1,571QKF,FC5711259,14,0,270
1,571QKF,FC5711262,9,0,270
1,571QKF,FC5711272,18,0,270
1,571QKF,FC5711274,8,0,270
1,571QKF,FC5711278,8,0,270
1,571QKF,FC5711292,14,0,270
1,571QKF,FC5711294,6,0,270
1,571QKF,FC5711303,5,0,270
1,571QKF,FC5711316,5,0,270
1,571QKF,FC5711317,12,0,270
1,571QKF,FC5711360,16,0,270
1,571QKF,FC5711361,23,0,270
1,571QKF,FC5711362,20,0,270
1,571QKF,FC5711363,20,0,270
1,571QKF,FC5711366,3,0,270
1,571QKF,FC5711367,3,0,270
1,571QKF,FC5711370,3,0,270
1,571QKF,FC5711399,9,0,270
1,571QKF,FC5711408,14,0,270
1,571QKF,FC5711415,4,0,270
1,571QKF,FC5711428,12,0,270
1,571QKF,FC5711435,5,0,270
1,571QKF,FC5711438,16,0,270
1,571QKF,FC5711445,16,0,270
1,571QKF,FC5711446,7,0,270
1,571QKF,FC5711448,5,0,270
1,571QKF,FC5711454,23,0,270
1,571QKF,FC5711455,23,0,270
1,571QKF,FC5711460,23,0,270
1,571QKF,FC5711461,34,0,270
1,571QKF,FC5711471,40,0,270
1,571QKF,FC5711472,29,0,270
1,571QKF,FC5711473,34,0,270
1,571QKF,FC5711479,16,0,270
1,571QKF,FC5711481,10,0,270
1,571QKF,FC5711492,16,0,270
1,571QKF,FC5711505,9,0,270
1,571QKF,FC5711508,14,0,270
1,571QKF,FC5711513,7,0,270
1,571QKF,FC5711536,31,0,270
1,571QKF,FC5711537,23,0,270
1,571QKF,FC5711556,10,0,270
1,571QKF,FC5711572,20,0,270
1,571QKF,FC5711575,4,0,270
1,571QKF,FC5711580,11,0,270
1,571QKF,FC5711590,9,0,270
1,571QKF,FC5711593,8,0,270
1,571QKF,FC5711608,16,0,270
1,571QKF,FC5711609,16,0,270
1,571QKF,FC5711616,8,0,270
1,571QKF,FC5711626,6,0,270
1,571QKF,FC5711627,6,0,270
1,571QKF,FC5711628,12,0,270
1,571QKF,FC5711642,16,0,270
1,571QKF,FC5711643,16,0,270
1,571QKF,FC5711644,16,0,270
1,571QKF,FC5711674,4,0,270
1,571QKF,FC5711675,7,0,270
1,571QKF,FC5711676,4,0,270
1,571QKF,FC5711677,6,0,270
1,571QKF,FC5711678,6,0,270
1,571QKF,FC5711711,23,0,270
1,571QKF,FC5711712,23,0,270
1,571QKF,FC5711713,29,0,270
1,571QKF,FC5711714,23,0,270
1,571QKF,FC5711715,23,0,270
1,571QKF,FC5711716,23,0,270
1,571QKF,FC5711717,5,0,270
1,571QKF,FC5711719,21,0,270
1,571QKF,FC5711746,18,0,270
1,571QKF,FC5711747,20,0,270
1,571QKF,FC5711752,7,0,270
1,571QKF,FC5711754,7,0,270
1,571QKF,FC5711759,7,0,270
1,571QKF,FC5711768,16,0,270
1,571QKF,FC5711776,8,0,270
1,571QKF,FC5711799,16,0,270
1,571QKF,FC5711800,16,0,270
1,571QKF,FC5711801,4,0,270
1,571QKF,FC5711804,4,0,270
1,571QKF,FC5711805,20,0,270
1,571QKF,FC5711821,6,0,270
1,571QKF,FC5711832,19,0,270
1,571QKF,FC5711839,8,0,270
1,571QKF,FC5711856,6,0,270
1,571QKF,FC5711857,6,0,270
1,571QKF,FC5711862,8,0,270
1,571QKF,FC5711863,8,0,270
1,571QKF,FC5711878,13,0,270
1,571QKF,FC5711902,12,0,270
1,571QKF,FC5711909,11,0,270
1,571QKF,FC5711916,13,0,270
1,571QKF,FC5711917,15,0,270
1,571QKF,FC5711918,11,0,270
1,571QKF,FC5711919,9,0,270
1,571QKF,FC5711920,11,0,270
1,571QKF,FC5711933,23,0,270
1,571QKF,FC5711934,23,0,270
1,571QKF,FC5711935,23,0,270
1,571QKF,FC5711936,23,0,270
1,571QKF,FC5711939,4,0,270
1,571QKF,FC5711940,7,0,270
1,571QKF,FC5711941,9,0,270
1,571QKF,FC5711954,16,0,270
1,571QKF,FC5711955,7,0,270
1,571QKF,FC5711969,16,0,270
1,571QKF,FC5711970,12,0,270
1,571QKF,FC5711971,12,0,270
1,571QKF,FC5711978,25,0,270
1,571QKF,FC5711981,7,0,270
1,571QKF,FC5711996,10,0,270
1,571QKF,FC5712024,9,0,270
1,571QKF,FC5712061,16,0,270
1,571QKF,FC5712062,16,0,270
1,571QKF,FC5712063,7,0,270
1,571QKF,FC5712064,7,0,270
1,571QKF,FC5712066,7,0,270
1,571QKF,FC5712068,14,0,270
1,571QKF,FC5712080,9,0,270
1,571QKF,FC5712107,11,0,270
1,571QKF,FC5712137,4,0,270
1,571QKF,FC5712139,7,0,270
1,571QKF,FC5712140,7,0,270
1,571QKF,FC5712146,16,0,270
1,571QKF,FC5712154,4,0,270
1,571QKF,FC5712163,6,0,270
1,571QKF,FC5712196,7,0,270
1,571QKF,FC5712197,20,0,270
1,571QKF,FC5712200,22,0,270
1,571QKF,FC5712247,4,0,270
1,571QKF,FC5712248,7,0,270
1,571QKF,FC5712249,6,0,270
1,571QKF,FC5712250,8,0,270
1,571QKF,FC5712251,7,0,270
1,571QKF,FC5712252,9,0,270
1,571QKF,FC5712259,7,0,270
1,571QKF,FC5712265,8,0,270
1,571QKF,FC5712266,25,0,270
1,571QKF,FC5712278,7,0,270
1,571QKF,FC5712279,9,0,270
1,571QKF,FC5712280,7,0,270
1,571QKF,FC5712333,16,0,270
1,571QKF,FC5712341,14,0,270
1,571QKF,FC5712342,14,0,270
1,571QKF,FC5712343,20,0,270
1,571QKF,FC5712351,8,0,270
1,571QKF,FC5712352,16,0,270
1,571QKF,FC5712366,37,0,270
1,571QKF,FC5712367,26,0,270
1,571QKF,FC5712382,9,0,270
1,571QKF,FC5712383,8,0,270
1,571QKF,FC5712392,32,0,270
1,571QKF,FC5712397,12,0,270
1,571QKF,FC5712427,16,0,270
1,571QKF,FC5712436,23,0,270
1,571QKF,FC5712461,11,0,270
1,571QKF,FC5712464,8,0,270
1,571QKF,FC5712465,8,0,270
1,571QKF,FC5712466,7,0,270
1,571QKF,FC5712485,4,0,270
1,571QKF,FC5712518,8,0,270
1,571QKF,FC5712519,16,0,270
1,571QKF,FC5712528,31,0,270
1,571QKF,FC5712546,20,0,270
1,571QKF,FC5712558,12,0,270
1,571QKF,FC5712590,18,0,270
1,571QKF,FC5712611,6,0,270
1,571QKF,FC5712630,16,0,270
1,571QKF,FC5712642,6,0,270
1,571QKF,FC5712650,16,0,270
1,571QKF,FC5712655,7,0,270
1,571QKF,FC5712679,29,0,270
1,571QKF,FC5712688,20,0,270
1,571QKF,FC5712689,20,0,270
1,571QKF,FC5712701,6,0,270
1,571QKF,FC5712715,16,0,270
1,571QKF,FC5712722,20,0,270
1,571QKF,FC5712723,18,0,270
1,571QKF,FC5712730,10,0,270
1,571QKF,FC5712731,12,0,270
1,571QKF,FC5712738,20,0,270
1,571QKF,FC5712752,34,0,270
1,571QKF,FC5712754,7,0,270
1,571QKF,FC5712755,26,0,270
1,571QKF,FC5712756,7,0,270
1,571QKF,FC5712765,16,0,270
1,571QKF,FC5712767,8,0,270
1,571QKF,FC5712768,7,0,270
1,571QKF,FC5712773,7,0,270
1,571QKF,FC5712783,6,0,270
1,571QKF,FC5712791,8,0,270
1,571QKF,FC5712792,7,0,270
1,571QKF,FC5712801,38,0,270
1,571QKF,FC5712802,32,0,270
1,571QKF,FC5712822,24,0,270
1,571QKF,FC5712832,23,0,270
1,571QKF,FC5712849,13,0,270
1,571QKF,FC5712864,9,0,270
1,571QKF,FC5712867,10,0,270
1,571QKF,FC5712874,9,0,270
1,571QKF,FC5712878,15,0,270
1,571QKF,FC5712919,12,0,270
1,571QKF,FC5712945,49,0,270
1,571QKF,FC5712946,37,0,270
1,571QKF,FC5712948,16,0,270
1,571QKF,FC5712949,6,0,270
1,571QKF,FC5712984,45,0,270
1,571QKF,FC5712985,10,0,270
1,571QKF,FC5713029,6,0,270
1,571QKF,FC5713036,31,0,270
1,571QKF,FC5713037,31,0,270
1,571QKF,FC5713043,14,0,270
1,571QKF,FC5713112,7,0,270
1,571QKF,FC5713119,11,0,270
1,571QKF,FC5713120,7,0,270
1,571QKF,FC5713156,23,0,270
1,571QKF,FC5713166,8,0,270
1,571QKF,FC5713181,9,0,270
1,571QKF,FC5713238,11,0,270
1,571QKF,FC5713246,23,0,270
1,571QKF,FC5713247,23,0,270
1,571QKF,FC5713248,29,0,270
1,571QKF,FC5713261,21,0,270
1,571QKF,FC5713293,11,0,270
1,571QKF,FC5713297,45,0,270
1,571QKF,FC5713298,29,0,270
1,571QKF,FC5713307,31,0,270
1,571QKF,FC5713324,30,0,270
1,571QKF,FC5713325,21,0,270
1,571QKF,FC5713334,31,0,270
1,571QKF,FC5713336,12,0,270
1,571QKF,FC5713355,45,0,270
1,571QKF,FC5713378,16,0,270
1,571QKF,FC5713386,38,0,270
1,571QKF,FC5713393,9,0,270
1,571QKF,FC5713399,14,0,270
1,571QKF,FC5713400,26,0,270
1,571QKF,FC5713404,30,0,270
1,571QKF,FC5713406,26,0,270
1,571QKF,FC5713413,6,0,270
1,571QKF,FC5713414,4,0,270
1,571QKF,FC5713486,31,0,270
1,571QKF,FC5713517,26,0,270
1,571QKF,FC5713565,9,0,270
1,571QKF,FC5713574,11,0,270
1,571QKF,FC5713581,10,0,270
1,571QKF,FC5713582,45,0,270
1,571QKF,FC5713583,45,0,270
1,571QKF,FC5713584,45,0,270
1,571QKF,FC5713585,45,0,270
1,571QKF,FC5713589,18,0,270
1,571QKF,FC5713633,31,0,270
1,571QKF,FC5713646,20,0,270
1,571QKF,FC5713659,21,0,270
1,571QKF,FC5713670,21,0,270
1,571QKF,FC5713745,27,0,270
1,571QKF,FC5713813,38,0,270
1,571QKF,FC5713814,45,0,270
1,571QKF,FC5713815,45,0,270
1,571QKF,FC5713817,40,0,270
1,571QKF,FC5713818,34,0,270
1,571QKF,FC5713819,45,0,270
1,571QKF,FC5713835,18,0,270
