id,From,To,Demand,Start,End
1,571QKA,571QC802,1,0,270
1,571QKA,571QC803,1,0,270
1,571QKA,571QC805,1,0,270
1,571QKA,571QC809,1,0,270
1,571QKA,571QC811,1,0,270
1,571QKA,571QC813,1,0,270
1,571QKA,571QC814,1,0,270
1,571QKA,571QC816,1,0,270
1,571QKA,571QC820,1,0,270
1,571QKA,571QC822,1,0,270
1,571QKA,571QC823,1,0,270
1,571QKA,571QC824,1,0,270
1,571QKA,571QC828,1,0,270
1,571QKA,571QC826,1,0,270
1,571QKA,571QD802,1,0,270
1,571QKA,571QD804,1,0,270
1,571QKA,571QD809,1,0,270
1,571QKA,571QD812,1,0,270
1,571QKA,571QD813,1,0,270
1,571QKA,571QD814,1,0,270
1,571QKA,571QD815,1,0,270
1,571QKA,571QD816,1,0,270
1,571QKA,571QD818,1,0,270
1,571QKA,571QD820,1,0,270
1,571QKA,571QD821,1,0,270
1,571QKA,571NF801,1,0,270
1,571QKA,571NF805,1,0,270
1,571QKA,571NF806,1,0,270
1,571QKA,571NF807,1,0,270
1,571QKA,571NF808,1,0,270
1,571QKA,571NF809,1,0,270
1,571QKA,571AG803,1,0,270
1,571QKA,571AG806,1,0,270
1,571QKA,571QE801,1,0,270
1,571QKA,571QE807,1,0,270
1,571QKA,571QE813,1,0,270
1,571QKA,571QE814,1,0,270
1,571QKA,571QE819,1,0,270
1,571QKA,571QE820,1,0,270
1,571QKA,571QE821,1,0,270
1,571QKA,571QE827,1,0,270
1,571QKA,571QE837,1,0,270
1,571QKA,571QC806,1,0,270
1,571QKA,571QC807,1,0,270
1,571QKA,571QC808,1,0,270
1,571QKA,571QE806,1,0,270
1,571QKA,571QE810,1,0,270
1,571QKA,571QE815,1,0,270
1,571QKA,571QE816,1,0,270
1,571QKA,571QE823,1,0,270
1,571QKA,571QE825,1,0,270
1,571QKA,571QE826,1,0,270
1,571QKA,571QE829,1,0,270
1,571QKA,571QE832,1,0,270
1,571QKA,571QE833,1,0,270
