from,¾­¶È,Î³¶È
FC5713911,120.144823,30.304547
FC5713910,120.143321,30.303472
FC5713907,120.143745,30.303963
FC5713897,120.042843,30.293379
FC5713896,120.236708,30.206877
FC5713895,120.159964,30.136025
FC5713893,120.201915,30.172261
FC5713891,120.208599,30.190762
FC5713890,120.207285,30.190712
FC5713889,120.215785,30.346198
FC5713888,120.216894,30.346869
FC5713885,120.07186,30.140528
FC5713883,120.054352,30.138177
FC5713882,120.054352,30.138177
FC5713880,120.068176,30.290903
FC5713875,120.271028,30.234971
FC5713874,120.217439,30.188766
FC5713873,120.223431,30.186779
FC5713872,120.22492,30.196325
FC5713871,120.22492,30.196325
FC5713870,120.22492,30.196325
FC5713869,120.22492,30.196325
FC5713868,120.127673,30.340153
FC5713865,120.252223,30.235562
FC5713864,120.201234,30.101851
FC5713863,120.215181,30.174667
FC5713862,120.080077,30.319897
FC5713861,120.080077,30.319897
FC5713858,120.244632,30.228487
FC5713856,120.267489,30.139376
FC5713854,120.132559,30.372056
FC5713853,120.131937,30.372014
FC5713852,120.135364,30.295842
FC5713851,120.157197,30.297505
FC5713845,120.341638,30.329294
FC5713844,120.069194,30.353376
FC5713843,120.069226,30.353358
FC5713842,120.069198,30.354113
FC5713841,120.024962,30.243995
FC5713840,120.030322,30.242388
FC5713836,120.180987,30.349992
FC5713835,120.185055,30.258354
FC5713832,120.185351,30.352212
FC5713831,120.027591,30.243245
FC5713830,120.238438,30.229761
FC5713829,120.286466,30.306918
FC5713828,120.286466,30.306918
FC5713827,120.286466,30.306918
FC5713825,120.256256,30.228319
FC5713824,120.253633,30.229432
FC5713823,120.283716,30.195776
FC5713822,120.283474,30.195732
FC5713821,120.282591,30.135947
FC5713820,120.221722,30.324701
FC5713819,120.213867,30.248787
FC5713818,120.212837,30.249251
FC5713817,120.212842,30.249264
FC5713815,120.215721,30.246515
FC5713814,120.216397,30.245992
FC5713813,120.166716,30.240056
FC5713812,120.260558,30.192047
FC5713811,120.260558,30.192047
FC5713805,120.253274,30.195714
FC5713804,120.253274,30.195714
FC5713803,120.253274,30.195714
FC5713802,120.253274,30.195714
FC5713801,120.253274,30.195714
FC5713800,120.322561,30.297829
FC5713799,120.322561,30.297829
FC5713798,120.245606,30.181609
FC5713795,120.183525,30.352151
FC5713794,120.183525,30.352151
FC5713793,120.183525,30.352151
FC5713792,120.180191,30.352729
FC5713791,120.330476,30.309971
FC5713789,120.112037,30.308115
FC5713788,120.239736,30.226392
FC5713787,120.225585,30.185659
FC5713786,120.206791,30.191696
FC5713785,120.278774,30.180009
FC5713784,120.22562,30.356796
FC5713783,120.225764,30.35678
FC5713782,120.225619,30.356775
FC5713781,120.101683,30.305835
FC5713780,120.224627,30.208543
FC5713779,120.224627,30.208543
FC5713778,120.032234,30.24357
FC5713777,120.069594,30.290678
FC5713776,120.029299,30.241143
FC5713775,120.027323,30.24375
FC5713770,120.065911,30.353945
FC5713769,120.0665,30.354069
FC5713767,120.225175,30.188575
FC5713766,120.260045,30.228287
FC5713765,120.255098,30.233775
FC5713764,120.235796,30.178554
FC5713761,120.228482,30.360362
FC5713760,120.228482,30.360372
FC5713759,120.233468,30.360066
FC5713758,120.240041,30.352804
FC5713757,120.240164,30.352218
FC5713755,120.227045,30.355159
FC5713753,120.201835,30.344478
FC5713752,120.201835,30.344478
FC5713751,120.132944,30.321136
FC5713750,120.132944,30.321085
FC5713749,120.164267,30.380719
FC5713747,120.139735,30.291763
FC5713745,120.21481,30.252447
FC5713743,120.274226,30.129303
FC5713741,120.242581,30.172635
FC5713740,120.201739,30.161608
FC5713739,120.262185,30.316357
FC5713738,120.193083,30.204681
FC5713737,120.193083,30.204681
FC5713736,120.193083,30.204681
FC5713735,120.193083,30.204681
FC5713734,120.193083,30.204681
FC5713733,120.193083,30.204681
FC5713730,120.067878,30.144628
FC5713729,120.067878,30.144628
FC5713727,120.240336,30.239949
FC5713726,120.128064,30.340282
FC5713725,120.247766,30.204392
FC5713724,120.240336,30.239949
FC5713722,120.095534,30.167362
FC5713721,120.195922,30.335771
FC5713720,120.330668,30.306148
FC5713719,120.235916,30.215713
FC5713718,120.365843,30.328572
FC5713716,120.076475,30.315648
FC5713715,120.076475,30.315648
FC5713710,120.128601,30.340129
FC5713709,120.111039,30.306198
FC5713708,120.111007,30.306137
FC5713707,120.111661,30.305614
FC5713706,120.113437,30.307064
FC5713704,120.118591,30.336184
FC5713703,120.117641,30.336123
FC5713702,120.117496,30.335582
FC5713701,120.118011,30.335665
FC5713700,120.118633,30.335611
FC5713699,120.120033,30.335569
FC5713698,120.120731,30.335662
FC5713697,120.121267,30.335763
FC5713696,120.121063,30.336148
FC5713695,120.120065,30.336157
FC5713694,120.118774,30.337375
FC5713693,120.103927,30.319985
FC5713692,120.107715,30.319665
FC5713687,120.280945,30.347041
FC5713686,120.280956,30.347125
FC5713685,120.043127,30.293175
FC5713684,120.050711,30.229417
FC5713683,120.155378,30.293667
FC5713682,120.243362,30.220859
FC5713681,120.259781,30.170199
FC5713680,120.174898,30.216314
FC5713679,120.178537,30.218853
FC5713677,120.176348,30.228513
FC5713676,120.270988,30.205868
FC5713675,120.269375,30.205676
FC5713674,120.236306,30.230248
FC5713673,120.120004,30.286222
FC5713672,120.107883,30.277401
FC5713671,120.107496,30.327694
FC5713670,120.170138,30.26781
FC5713669,120.266311,30.178141
FC5713668,120.236485,30.215797
FC5713667,120.183544,30.228078
FC5713666,120.176938,30.174409
FC5713665,120.225058,30.188633
FC5713664,120.154221,30.162225
FC5713663,120.245713,30.135258
FC5713662,120.193501,30.354393
FC5713661,120.166707,30.337482
FC5713660,120.219448,30.327485
FC5713659,120.158977,30.265732
FC5713658,120.113753,30.295268
FC5713657,120.113608,30.295249
FC5713656,120.097152,30.335075
FC5713655,120.224161,30.209031
FC5713646,120.186494,30.257455
FC5713644,120.189437,30.342851
FC5713643,120.151709,30.160028
FC5713640,120.376861,30.222781
FC5713639,120.303008,30.303268
FC5713633,120.211208,30.269042
FC5713629,120.069377,30.177189
FC5713628,120.210635,30.189584
FC5713627,120.329922,30.314612
FC5713626,120.216907,30.300241
FC5713625,120.271336,30.193009
FC5713623,120.257499,30.229073
FC5713622,120.218608,30.326949
FC5713611,120.104402,30.170364
FC5713608,120.050711,30.229417
FC5713606,120.119039,30.340792
FC5713605,120.056981,30.292934
FC5713604,120.120342,30.340769
FC5713603,120.057018,30.293022
FC5713602,120.030662,30.232925
FC5713601,120.031842,30.235224
FC5713600,120.175298,30.379204
FC5713599,120.173305,30.380843
FC5713598,120.056675,30.294246
FC5713597,120.051541,30.237354
FC5713594,120.128516,30.291837
FC5713593,120.366167,30.328438
FC5713591,120.124341,30.332179
FC5713590,120.190331,30.222608
FC5713589,120.186555,30.2688
FC5713588,120.308434,30.296995
FC5713587,120.329528,30.295231
FC5713586,120.329578,30.295642
FC5713585,120.214304,30.253465
FC5713584,120.214304,30.253465
FC5713583,120.214304,30.253465
FC5713582,120.214304,30.253465
FC5713581,120.190463,30.256446
FC5713580,120.105635,30.269203
FC5713579,120.231783,30.215944
FC5713578,120.241119,30.309595
FC5713577,120.257838,30.180743
FC5713576,120.275113,30.186115
FC5713575,120.187289,30.164119
FC5713574,120.217474,30.270686
FC5713572,120.231229,30.225956
FC5713571,120.228561,30.226018
FC5713569,120.328259,30.296751
FC5713568,120.285273,30.302953
FC5713567,120.15905,30.165702
FC5713566,120.215446,30.178486
FC5713565,120.200973,30.299834
FC5713564,120.177875,30.324022
FC5713563,120.177742,30.323574
FC5713562,120.207059,30.340321
FC5713561,120.099128,30.302933
FC5713560,120.117766,30.352277
FC5713559,120.217405,30.364533
FC5713558,120.233599,30.363929
FC5713557,120.236244,30.363281
FC5713556,120.232999,30.359353
FC5713555,120.222429,30.355096
FC5713552,120.235475,30.347349
FC5713550,120.226209,30.358882
FC5713549,120.225399,30.358521
FC5713544,120.378912,30.286771
FC5713543,120.087888,30.128451
FC5713542,120.154064,30.186759
FC5713541,120.154064,30.186759
FC5713540,120.154064,30.186759
FC5713539,120.154064,30.186759
FC5713538,120.154064,30.186759
FC5713537,120.249761,30.297902
FC5713535,120.214219,30.311457
FC5713534,120.112631,30.281048
FC5713533,120.074531,30.317429
FC5713532,120.068141,30.316543
FC5713531,120.065018,30.324438
FC5713526,120.04444,30.293614
FC5713525,120.068088,30.326313
FC5713523,120.075524,30.157923
FC5713522,120.080996,30.15359
FC5713521,120.077448,30.151485
FC5713520,120.070217,30.157218
FC5713519,120.070903,30.15707
FC5713518,120.076445,30.162464
FC5713517,120.166181,30.262062
FC5713516,120.194462,30.337542
FC5713515,120.179839,30.326138
FC5713514,120.179786,30.314545
FC5713513,120.223124,30.308774
FC5713512,120.222695,30.309964
FC5713511,120.294424,30.166206
FC5713510,120.279376,30.133636
FC5713509,120.134488,30.17533
FC5713508,120.134488,30.17533
FC5713507,120.133031,30.175022
FC5713506,120.133443,30.175139
FC5713503,120.231972,30.162337
FC5713501,120.265158,30.207451
FC5713500,120.181451,30.118716
FC5713499,120.181451,30.118716
FC5713498,120.181451,30.118716
FC5713495,120.233638,30.232244
FC5713493,120.356268,30.306144
FC5713492,120.356268,30.306144
FC5713491,120.094166,30.285372
FC5713490,120.241534,30.183145
FC5713489,120.191768,30.348415
FC5713488,120.187241,30.345027
FC5713486,120.165816,30.252296
FC5713485,120.216315,30.220525
FC5713484,120.091597,30.285179
FC5713483,120.091597,30.285179
FC5713482,120.094166,30.285372
FC5713481,120.094166,30.285372
FC5713480,120.094166,30.285372
FC5713479,120.100278,30.285155
FC5713478,120.328263,30.295807
FC5713477,120.367074,30.270282
FC5713476,120.367262,30.271695
FC5713475,120.368249,30.269086
FC5713474,120.240726,30.183671
FC5713473,120.151078,30.189926
FC5713472,120.057811,30.325361
FC5713471,120.176599,30.132997
FC5713470,120.255176,30.307469
FC5713469,120.378949,30.286815
FC5713468,120.226658,30.361667
FC5713467,120.228762,30.361967
FC5713466,120.246355,30.241788
FC5713464,120.156346,30.189975
FC5713463,120.157988,30.190016
FC5713462,120.155134,30.189881
FC5713461,120.181613,30.126463
FC5713460,120.186012,30.1407698
FC5713459,120.237179,30.172936
FC5713458,120.288129,30.184119
FC5713457,120.198867,30.342942
FC5713455,120.254726,30.2375745
FC5713454,120.190511,30.227833
FC5713453,120.192201,30.226456
FC5713452,120.145529,30.321006
FC5713451,120.167238,30.316994
FC5713450,120.166916,30.317846
FC5713449,120.167951,30.316971
FC5713448,120.168375,30.317813
FC5713447,120.169314,30.317878
FC5713446,120.169988,30.316362
FC5713445,120.115702,30.313959
FC5713444,120.113642,30.315911
FC5713443,120.095645,30.331638
FC5713442,120.155597,30.278068
FC5713441,120.123919,30.295761
FC5713440,120.133766,30.181121
FC5713439,120.187288,30.164118
FC5713438,120.214037,30.189253
FC5713437,120.233006,30.215529
FC5713436,120.228224,30.214108
FC5713435,120.123713,30.342681
FC5713434,120.124679,30.343042
FC5713433,120.125511,30.344306
FC5713432,120.125006,30.344245
FC5713431,120.123119,30.292958
FC5713430,120.023264,30.242359
FC5713429,120.035071,30.243812
FC5713428,120.255362,30.182535
FC5713427,120.246093,30.195406
FC5713423,120.349825,30.282752
FC5713422,120.124793,30.333231
FC5713419,120.108671,30.270773
FC5713418,120.136201,30.182566
FC5713417,120.136201,30.182566
FC5713416,120.136201,30.182566
FC5713415,120.175083,30.216864
FC5713414,120.202267,30.233946
FC5713413,120.202873,30.234052
FC5713410,120.080577,30.325747
FC5713409,120.247146,30.309258
FC5713408,120.246841,30.307767
FC5713407,120.368184,30.270902
FC5713406,120.170541,30.265075
FC5713405,120.328259,30.296751
FC5713404,120.184773,30.263167
FC5713403,120.244972,30.183308
FC5713402,120.242752,30.183234
FC5713401,120.249623,30.225341
FC5713400,120.171771,30.242164
FC5713399,120.184099,30.248565
FC5713398,120.115521,30.34141
FC5713393,120.205484,30.289876
FC5713392,120.265536,30.320601
FC5713390,120.164279,30.285164
FC5713389,120.179407,30.326137
FC5713388,120.179839,30.324692
FC5713387,120.034986,30.24156
FC5713386,120.133889,30.237014
FC5713385,120.244647,30.235246
FC5713384,120.244647,30.235246
FC5713383,120.267737,30.205475
FC5713382,120.193637,30.1745364
FC5713381,120.1805,30.126561
FC5713380,120.167396,30.161095
FC5713379,120.234125,30.178679
FC5713378,120.189978,30.280274
FC5713377,120.210257,30.190094
FC5713376,120.102028,30.276757
FC5713374,120.06103,30.331359
FC5713373,120.317261,30.304076
FC5713372,120.349821,30.283067
FC5713371,120.273006,30.303767
FC5713370,120.271421,30.304083
FC5713369,120.217311,30.304631
FC5713368,120.227553,30.30885
FC5713367,120.284586,30.164731
FC5713366,120.284945,30.165232
FC5713365,120.253304,30.201028
FC5713364,120.254606,30.202217
FC5713363,120.217202,30.218957
FC5713362,120.133766,30.181121
FC5713361,120.213286,30.216478
FC5713360,120.215979,30.217168
FC5713358,120.271523,30.303972
FC5713355,120.215735,30.258766
FC5713353,120.346375,30.336417
FC5713352,120.271821,30.129607
FC5713351,120.319434,30.316471
FC5713350,120.319446,30.316532
FC5713349,120.172132,30.214079
FC5713348,120.172204,30.212669
FC5713347,120.156264,30.188235
FC5713345,120.198874,30.208547
FC5713342,120.229387,30.223748
FC5713341,120.155896,30.188218
FC5713340,120.295319,30.247394
FC5713338,120.271821,30.129607
FC5713337,120.181613,30.126463
FC5713336,120.206267,30.29168
FC5713334,120.165669,30.26291
FC5713333,120.102028,30.276757
FC5713331,120.085808,30.322074
FC5713330,120.085808,30.322074
FC5713327,120.264121,30.216668
FC5713326,120.272414,30.177647
FC5713325,120.168395,30.26751
FC5713324,120.184773,30.263167
FC5713323,120.219772,30.342105
FC5713320,120.140728,30.290646
FC5713319,120.078902,30.327302
FC5713318,120.079136,30.327298
FC5713316,120.100188,30.298344
FC5713311,120.166171,30.109174
FC5713310,120.266738,30.187139
FC5713309,120.258575,30.177863
FC5713308,120.133009,30.181736
FC5713307,120.172143,30.260214
FC5713306,120.271673,30.218869
FC5713305,120.335165,30.319946
FC5713303,120.056721,30.293299
FC5713302,120.136177,30.184124
FC5713301,120.136612,30.171484
FC5713300,120.133852,30.324996
FC5713299,120.132786,30.326023
FC5713298,120.214308,30.258827
FC5713297,120.213343,30.25702
FC5713293,120.204625,30.291194
FC5713291,120.234886,30.357758
FC5713290,120.173723,30.129044
FC5713289,120.213666,30.205641
FC5713288,120.264135,30.177784
FC5713286,120.038464,30.245287
FC5713285,120.229808,30.344821
FC5713284,120.068571,30.338061
FC5713281,120.117661,30.366326
FC5713280,120.264678,30.180179
FC5713275,120.376861,30.222781
FC5713274,120.050992,30.239868
FC5713273,120.178374,30.174142
FC5713272,120.11722,30.339414
FC5713271,120.117784,30.340827
FC5713270,120.148498,30.187972
FC5713268,120.265451,30.180299
FC5713267,120.315785,30.147081
FC5713266,120.272742,30.135099
FC5713265,120.210193,30.1669023
FC5713263,120.135782,30.178727
FC5713262,120.136154,30.312706
FC5713261,120.165249,30.260614
FC5713260,120.224388,30.214218
FC5713258,120.065867,30.335651
FC5713257,120.067556,30.336606
FC5713256,120.071245,30.338161
FC5713255,120.164606,30.369964
FC5713254,120.137379,30.304448
FC5713253,120.199793,30.206303
FC5713250,120.206704,30.346741
FC5713248,120.213914,30.261161
FC5713247,120.215856,30.261551
FC5713246,120.211058,30.261956
FC5713242,120.233238,30.351515
FC5713241,120.232723,30.351325
FC5713240,120.354833,30.273249
FC5713239,120.203929,30.188477
FC5713238,120.195493,30.230258
FC5713236,120.134227,30.305631
FC5713234,120.155932,30.140633
FC5713233,120.333671,30.185782
FC5713232,120.174374,30.220524
FC5713231,120.177995,30.222555
FC5713230,120.177443,30.221989
FC5713229,120.156052,30.283475
FC5713228,120.156202,30.284527
FC5713227,120.153643,30.287016
FC5713226,120.133766,30.181121
FC5713225,120.271471,30.136358
FC5713224,120.190798,30.226263
FC5713223,120.190894,30.227055
FC5713222,120.189555,30.227542
FC5713221,120.218015,30.178652
FC5713220,120.156854,30.288348
FC5713218,120.127832,30.34838
FC5713217,120.224687,30.214601
FC5713216,120.244861,30.201149
FC5713215,120.281141,30.197088
FC5713214,120.188922,30.226847
FC5713213,120.262555,30.2133
FC5713211,120.068392,30.342342
FC5713210,120.065298,30.339917
FC5713209,120.068448,30.339819
FC5713208,120.17987,30.34643
FC5713207,120.067082,30.347124
FC5713206,120.072121,30.343002
FC5713205,120.066877,30.347352
FC5713204,120.100543,30.295064
FC5713203,120.142815,30.28937
FC5713202,120.143078,30.289236
FC5713199,120.094489,30.28781
FC5713198,120.267483,30.308983
FC5713197,120.354378,30.302957
FC5713195,120.210271,30.1721153
FC5713194,120.206923,30.204532
FC5713193,120.256662,30.320399
FC5713192,120.245829,30.308597
FC5713191,120.390224,30.327986
FC5713190,120.370263,30.272344
FC5713189,120.370258,30.272307
FC5713187,120.241042,30.308545
FC5713185,120.354082,30.302438
FC5713182,120.214044,30.211926
FC5713181,120.202874,30.230438
FC5713180,120.231828,30.196953
FC5713179,120.277476,30.164715
FC5713178,120.221993,30.173533
FC5713177,120.319238,30.318565
FC5713176,120.319214,30.318554
FC5713175,120.09469,30.294269
FC5713172,120.198138,30.170307
FC5713169,120.245313,30.238915
FC5713168,120.245899,30.238514
FC5713167,120.244923,30.238904
FC5713166,120.167578,30.269462
FC5713165,120.28978,30.345194
FC5713164,120.290354,30.345699
FC5713163,120.243118,30.310582
FC5713161,120.28262,30.346126
FC5713160,120.282603,30.346162
FC5713157,120.103219,30.324444
FC5713156,120.177472,30.262925
FC5713155,120.203637,30.340729
FC5713154,120.278436,30.307614
FC5713153,120.267071,30.139619
FC5713152,120.270411,30.217956
FC5713151,120.096123,30.287648
FC5713150,120.111244,30.285577
FC5713149,120.132433,30.283857
FC5713148,120.146722,30.284774
FC5713147,120.115981,30.285417
FC5713146,120.115981,30.285417
FC5713145,120.068108,30.308291
FC5713140,120.077274,30.337659
FC5713138,120.18953,30.351249
FC5713137,120.255594,30.184943
FC5713136,120.279157,30.188053
FC5713135,120.256672,30.229997
FC5713134,120.255685,30.181253
FC5713133,120.254543,30.180738
FC5713129,120.284584,30.177774
FC5713125,120.220536,30.185091
FC5713124,120.072275,30.3211588
FC5713123,120.183056,30.312991
FC5713122,120.159313,30.303298
FC5713121,120.159239,30.299669
FC5713120,120.167417,30.276433
FC5713119,120.180918,30.262822
FC5713118,120.125174,30.295887
FC5713117,120.122181,30.295257
FC5713116,120.133985,30.306315
FC5713115,120.060973,30.23512
FC5713114,120.059713,30.233822
FC5713113,120.260646,30.228872
FC5713112,120.195022,30.232164
FC5713110,120.370955,30.310183
FC5713109,120.370955,30.310183
FC5713108,120.215448,30.311655
FC5713107,120.214863,30.310261
FC5713106,120.229272,30.181772
FC5713105,120.221357,30.1943017
FC5713104,120.247042,30.138041
FC5713103,120.20974,30.185721
FC5713101,120.2093,30.205943
FC5713100,120.255755,30.2278472
FC5713099,120.252969,30.229258
FC5713095,120.066203,30.240289
FC5713093,120.077274,30.337659
FC5713092,120.234125,30.178679
FC5713091,120.234125,30.178679
FC5713086,120.293876,30.258037
FC5713085,120.212406,30.2056768
FC5713084,120.195207,30.1777696
FC5713083,120.195081,30.177691
FC5713082,120.154471,30.159497
FC5713080,120.165305,30.309156
FC5713079,120.136093,30.368712
FC5713078,120.132126,30.368881
FC5713077,120.383398,30.298153
FC5713076,120.227292,30.346396
FC5713075,120.226047,30.345721
FC5713073,120.221391,30.356424
FC5713072,120.221224,30.356856
FC5713070,120.220384,30.17826
FC5713067,120.078653,30.31548
FC5713066,120.085609,30.318197
FC5713065,120.282464,30.136232
FC5713064,120.282754,30.136441
FC5713063,120.267291,30.143853
FC5713062,120.272156,30.162454
FC5713061,120.271177,30.220884
FC5713060,120.26611,30.218318
FC5713059,120.295383,30.258076
FC5713058,120.114074,30.184213
FC5713052,120.031901,30.236053
FC5713051,120.119339,30.3395735
FC5713050,120.136494,30.287513
FC5713049,120.190047,30.35402
FC5713048,120.200652,30.344573
FC5713047,120.064708,30.142742
FC5713046,120.093509,30.279633
FC5713043,120.199847,30.303314
FC5713042,120.265871,30.303393
FC5713041,120.227127,30.355347
FC5713040,120.245155,30.224781
FC5713039,120.246355,30.241788
FC5713038,120.198267,30.325253
FC5713037,120.161989,30.258649
FC5713036,120.163069,30.2587706
FC5713035,120.268131,30.127782
FC5713032,120.221777,30.330681
FC5713030,120.22752,30.357439
FC5713029,120.203187,30.229355
FC5713027,120.186395,30.2228393
FC5713026,120.188183,30.222905
FC5713025,120.226577,30.226514
FC5713024,120.185745,30.186495
FC5713023,120.208186,30.188132
FC5713022,120.215766,30.186057
FC5713019,120.154397,30.203287
FC5713017,120.279825,30.197107
FC5713015,120.279825,30.197107
FC5713014,120.235882,30.195335
FC5713013,120.275864,30.144159
FC5713012,120.273085,30.143745
FC5713011,120.268152,30.177448
FC5713009,120.371071,30.304125
FC5713008,120.372335,30.303067
FC5713007,120.276847,30.127394
FC5713006,120.281818,30.163691
FC5713005,120.161554,30.170977
FC5713003,120.315242,30.236807
FC5713001,120.084086,30.134226
FC5713000,120.102461,30.267695
FC5712998,120.143779,30.316746
FC5712997,120.159921,30.33033
FC5712996,120.119957,30.310548
FC5712994,120.218177,30.309464
FC5712993,120.326764,30.31441
FC5712989,120.242738,30.307101
FC5712988,120.114535,30.306044
FC5712987,120.133322,30.313932
FC5712986,120.133531,30.313404
FC5712985,120.167094,30.276483
FC5712984,120.216185,30.248545
FC5712983,120.236019,30.358557
FC5712982,120.228737,30.181009
FC5712980,120.356261,30.290223
FC5712979,120.356556,30.291761
FC5712978,120.173282,30.317122
FC5712977,120.173282,30.317122
FC5712976,120.202119,30.324811
FC5712975,120.224841,30.306619
FC5712974,120.243876,30.188687
FC5712970,120.04618,30.289048
FC5712969,120.330476,30.309971
FC5712968,120.330476,30.309971
FC5712967,120.121719,30.332508
FC5712966,120.125225,30.338775
FC5712965,120.123005,30.334811
FC5712964,120.124272,30.335199
FC5712963,120.133228,30.326709
FC5712962,120.132949,30.326718
FC5712961,120.108004,30.277403
FC5712960,120.120004,30.286222
FC5712959,120.084282,30.326585
FC5712958,120.106153,30.283462
FC5712957,120.118998,30.297691
FC5712956,120.118558,30.343625
FC5712954,120.124134,30.291882
FC5712953,120.142686,30.290686
FC5712949,120.193154,30.227525
FC5712948,120.17663,30.26791
FC5712946,120.199078,30.274936
FC5712945,120.19896,30.274894
FC5712944,120.214336,30.343843
FC5712943,120.21475,30.344904
FC5712939,120.160036,30.170681
FC5712938,120.189383,30.180419
FC5712937,120.248216,30.302344
FC5712936,120.263941,30.301859
FC5712935,120.271191,30.140471
FC5712934,120.282301,30.246191
FC5712933,120.289696,30.249599
FC5712932,120.269375,30.205676
FC5712931,120.265053,30.226156
FC5712927,120.147133,30.169934
FC5712925,120.134524,30.318982
FC5712924,120.129528,30.316115
FC5712923,120.131084,30.315309
FC5712922,120.145716,30.320679
FC5712921,120.120271,30.308162
FC5712920,120.119622,30.307976
FC5712919,120.166412,30.282522
FC5712918,120.206961,30.171568
FC5712916,120.235334,30.179899
FC5712915,120.247369,30.200109
FC5712914,120.244065,30.233961
FC5712913,120.235334,30.179899
FC5712912,120.128123,30.2728076
FC5712911,120.057243,30.179201
FC5712910,120.235916,30.357444
FC5712909,120.289898,30.213259
FC5712908,120.086216,30.338061
FC5712904,120.068936,30.139548
FC5712903,120.066821,30.137279
FC5712902,120.083664,30.338062
FC5712901,120.09482,30.301836
FC5712899,120.062651,30.280653
FC5712898,120.11051,30.316488
FC5712897,120.256259,30.23201
FC5712896,120.246552,30.309575
FC5712895,120.245561,30.3099178
FC5712894,120.329362,30.187893
FC5712893,120.373697,30.297211
FC5712890,120.273365,30.172279
FC5712889,120.190531,30.102701
FC5712888,120.085137,30.3386908
FC5712887,120.101318,30.332929
FC5712886,120.128711,30.274159
FC5712885,120.196261,30.329225
FC5712884,120.137265,30.170317
FC5712882,120.137265,30.170317
FC5712881,120.286386,30.167004
FC5712878,120.217539,30.270641
FC5712877,120.124615,30.345494
FC5712876,120.125159,30.345987
FC5712874,120.201062,30.300944
FC5712873,120.225664,30.183415
FC5712872,120.212725,30.179709
FC5712870,120.106454,30.287473
FC5712868,120.168172,30.310875
FC5712867,120.168652,30.270904
FC5712866,120.385931,30.305997
FC5712865,120.205129,30.340678
FC5712864,120.193065,30.288018
FC5712863,120.080852,30.146789
FC5712862,120.165224,30.300916
FC5712861,120.289386,30.342217
FC5712859,120.148548,30.166671
FC5712858,120.022172,30.247285
FC5712857,120.306933,30.239147
FC5712856,120.259302,30.179259
FC5712855,120.254187,30.22535
FC5712851,120.073043,30.325817
FC5712850,120.070755,30.323685
FC5712849,120.201715,30.296793
FC5712846,120.246882,30.2038205
FC5712845,120.224679,30.214602
FC5712844,120.268955,30.213966
FC5712843,120.316129,30.301027
FC5712842,120.096409,30.302119
FC5712841,120.20212,30.191112
FC5712840,120.201916,30.190415
FC5712839,120.214975,30.311143
FC5712838,120.272128,30.21418
FC5712837,120.118753,30.332275
FC5712836,120.209634,30.190212
FC5712835,120.293048,30.156164
FC5712834,120.348622,30.286968
FC5712833,120.151819,30.304403
FC5712832,120.174911,30.289118
FC5712831,120.22855,30.223981
FC5712830,120.229201,30.224611
FC5712827,120.120336,30.278743
FC5712823,120.201289,30.176911
FC5712822,120.162351,30.248943
FC5712821,120.256573,30.229284
FC5712820,120.056779,30.286015
FC5712818,120.33856,30.325442
FC5712817,120.279678,30.184034
FC5712816,120.279678,30.184034
FC5712815,120.070755,30.323685
FC5712814,120.193872,30.189927
FC5712813,120.193872,30.189927
FC5712811,120.275842,30.179219
FC5712810,120.150059,30.279255
FC5712809,120.112723,30.280552
FC5712808,120.109491,30.271695
FC5712807,120.105872,30.304809
FC5712806,120.282841,30.302871
FC5712805,120.180565,30.188353
FC5712802,120.160434,30.243379
FC5712801,120.160075,30.242841
FC5712800,120.143762,30.295176
FC5712799,120.104836,30.284446
FC5712798,120.172652,30.321156
FC5712797,120.167898,30.31881
FC5712796,120.268689,30.206297
FC5712795,120.055919,30.179081
FC5712794,120.25771,30.22885
FC5712793,120.254016,30.229456
FC5712792,120.199916,30.228916
FC5712791,120.199916,30.228916
FC5712789,120.336516,30.298841
FC5712788,120.336993,30.298576
FC5712786,120.136862,30.312924
FC5712785,120.238828,30.236714
FC5712784,120.238828,30.236714
FC5712783,120.196251,30.224915
FC5712782,120.184667,30.329685
FC5712780,120.032172,30.241028
FC5712779,120.157061,30.208136
FC5712778,120.259838,30.322274
FC5712777,120.259838,30.322274
FC5712776,120.148456,30.279293
FC5712775,120.055919,30.179081
FC5712774,120.055919,30.179081
FC5712773,120.198531,30.294749
FC5712772,120.327602,30.286898
FC5712771,120.092582,30.271154
FC5712769,120.240417,30.158594
FC5712768,120.172115,30.271552
FC5712767,120.163893,30.27985
FC5712766,120.299657,30.160392
FC5712765,120.178651,30.284414
FC5712763,120.147654,30.329528
FC5712762,120.144099,30.329209
FC5712761,120.144065,30.329191
FC5712760,120.146105,30.329994
FC5712759,120.146379,30.326106
FC5712758,120.146379,30.326106
FC5712757,120.144099,30.329209
FC5712756,120.200167,30.256922
FC5712755,120.174882,30.235223
FC5712754,120.219467,30.290717
FC5712752,120.18483,30.248164
FC5712751,120.378888,30.287053
FC5712750,120.378311,30.286693
FC5712749,120.378367,30.286284
FC5712748,120.108523,30.301736
FC5712747,120.107771,30.301512
FC5712746,120.27359,30.213481
FC5712744,120.223186,30.183381
FC5712743,120.223186,30.183381
FC5712742,120.222496,30.181837
FC5712741,120.395745,30.326161
FC5712740,120.39537,30.32642
FC5712739,120.391454,30.325351
FC5712738,120.183727,30.264664
FC5712737,120.126694,30.308062
FC5712735,120.225871,30.303515
FC5712734,120.224905,30.303334
FC5712733,120.223837,30.303015
FC5712731,120.161456,30.274145
FC5712730,120.161504,30.274247
FC5712727,120.260011,30.314151
FC5712726,120.161706,30.18972
FC5712725,120.253089,30.234059
FC5712724,120.256223,30.233898
FC5712723,120.205009,30.260082
FC5712722,120.189764,30.277574
FC5712719,120.37811,30.27483
FC5712718,120.123024,30.32886
FC5712717,120.201719,30.322419
FC5712715,120.187602,30.291694
FC5712709,120.287221,30.215119
FC5712708,120.141422,30.2925
FC5712707,120.145304,30.185776
FC5712701,120.204849,30.235511
FC5712700,120.246355,30.241788
FC5712699,120.224518,30.220858
FC5712698,120.158398,30.302943
FC5712697,120.226365,30.219418
FC5712696,120.224585,30.219911
FC5712695,120.222734,30.3085
FC5712694,120.223683,30.309701
FC5712693,120.223683,30.309701
FC5712690,120.375422,30.22353
FC5712689,120.180324,30.272136
FC5712688,120.180324,30.272136
FC5712687,120.342494,30.1931203
FC5712686,120.340364,30.192959
FC5712683,120.259992,30.182234
FC5712682,120.300659,30.2023331
FC5712681,120.299792,30.201126
FC5712680,120.214215,30.208546
FC5712679,120.207616,30.254979
FC5712678,120.07856,30.147509
FC5712677,120.07856,30.147509
FC5712676,120.051408,30.242822
FC5712670,120.18641,30.3517607
FC5712669,120.225988,30.186293
FC5712666,120.189381,30.180414
FC5712665,120.189381,30.180414
FC5712663,120.247905,30.193202
FC5712662,120.247905,30.193202
FC5712661,120.275656,30.295605
FC5712660,120.267495,30.192954
FC5712659,120.168511,30.296374
FC5712658,120.168828,30.29539
FC5712657,120.384133,30.341858
FC5712655,120.217296,30.29133
FC5712654,120.199621,30.327872
FC5712653,120.034936,30.245284
FC5712652,120.192199,30.324162
FC5712650,120.188061,30.281938
FC5712649,120.196799,30.207174
FC5712648,120.246521,30.238264
FC5712647,120.154591,30.178597
FC5712646,120.161433,30.178382
FC5712645,120.131659,30.278706
FC5712644,120.239772,30.35035
FC5712643,120.240399,30.351338
FC5712642,120.19812,30.2353876
FC5712641,120.075543,30.308194
FC5712640,120.237407,30.348661
FC5712639,120.239627,30.349079
FC5712637,120.176073,30.214119
FC5712636,120.150866,30.187596
FC5712635,120.208093,30.210775
FC5712634,120.113251,30.325498
FC5712633,120.150728,30.335176
FC5712631,120.091374,30.32628
FC5712630,120.182113,30.267443
FC5712629,120.171718,30.314615
FC5712628,120.284483,30.192655
FC5712627,120.144316,30.325261
FC5712626,120.095864,30.129805
FC5712625,120.224716,30.191436
FC5712624,120.221341,30.190463
FC5712623,120.335614,30.288592
FC5712622,120.179296,30.315724
FC5712621,120.143999,30.27631
FC5712620,120.144023,30.290547
FC5712618,120.198267,30.325253
FC5712613,120.19172,30.323457
FC5712611,120.205167,30.2313028
FC5712610,120.141781,30.308272
FC5712609,120.199955,30.185616
FC5712608,120.071157,30.3221742
FC5712605,120.194766,30.316794
FC5712604,120.108947,30.290412
FC5712603,120.176568,30.325738
FC5712600,120.107,30.324142
FC5712599,120.057958,30.291072
FC5712598,120.05911,30.292028
FC5712597,120.278254,30.129575
FC5712596,120.129232,30.350558
FC5712595,120.129232,30.350558
FC5712594,120.233093,30.351711
FC5712592,120.157396,30.185481
FC5712590,120.183557,30.257695
FC5712588,120.087861,30.334916
FC5712587,120.084358,30.3346107
FC5712586,120.088164,30.337477
FC5712585,120.088164,30.337477
FC5712584,120.090421,30.33769
FC5712583,120.090473,30.335375
FC5712582,120.087861,30.334916
FC5712581,120.087861,30.334916
FC5712580,120.088862,30.335726
FC5712578,120.050504,30.247484
FC5712577,120.099022,30.30222
FC5712576,120.162136,30.281469
FC5712575,120.162024,30.282234
FC5712574,120.051502,30.247516
FC5712573,120.167254,30.380993
FC5712570,120.229663,30.357342
FC5712569,120.338953,30.324679
FC5712568,120.225442,30.359883
FC5712567,120.224911,30.359749
FC5712566,120.327051,30.310544
FC5712565,120.327051,30.310544
FC5712564,120.327051,30.310544
FC5712558,120.190876,30.280584
FC5712552,120.266198,30.174743
FC5712551,120.20356,30.343414
FC5712550,120.103235,30.324455
FC5712547,120.133133,30.306573
FC5712546,120.178809,30.243822
FC5712545,120.069631,30.256972
FC5712541,120.177642,30.218965
FC5712538,120.204363,30.1996557
FC5712537,120.205846,30.1978369
FC5712536,120.217239,30.346209
FC5712535,120.217239,30.346209
FC5712534,120.204194,30.199844
FC5712533,120.203778,30.199641
FC5712532,120.218203,30.3418161
FC5712531,120.142898,30.288891
FC5712530,120.350513,30.276971
FC5712528,120.214509,30.269348
FC5712527,120.210526,30.340423
FC5712526,120.126993,30.2627861
FC5712525,120.132998,30.3227197
FC5712524,120.133442,30.322927
FC5712523,120.125935,30.338441
FC5712522,120.125962,30.338802
FC5712521,120.127091,30.307294
FC5712520,120.185696,30.332224
FC5712519,120.178452,30.297154
FC5712518,120.153893,30.27399
FC5712517,120.119945,30.321015
FC5712514,120.156777,30.2897577
FC5712513,120.170253,30.1286135
FC5712512,120.160471,30.181165
FC5712511,120.325225,30.323374
FC5712510,120.32731,30.324698
FC5712508,120.325919,30.324888
FC5712507,120.274563,30.173384
FC5712506,120.257812,30.166433
FC5712504,120.273618,30.2970282
FC5712502,120.276582,30.175227
FC5712501,120.244092,30.23553
FC5712500,120.244647,30.235246
FC5712499,120.215809,30.195699
FC5712498,120.383219,30.285329
FC5712497,120.262139,30.145925
FC5712496,120.148103,30.167289
FC5712495,120.226539,30.226757
FC5712494,120.191233,30.316868
FC5712493,120.127768,30.264813
FC5712492,120.249922,30.302921
FC5712491,120.249922,30.302921
FC5712488,120.132602,30.270968
FC5712487,120.111331,30.292985
FC5712486,120.216452,30.191682
FC5712485,120.201469,30.229103
FC5712478,120.096129,30.326351
FC5712477,120.096129,30.326351
FC5712476,120.05617,30.146739
FC5712474,120.292382,30.3334
FC5712473,120.159878,30.336811
FC5712471,120.056888,30.290677
FC5712470,120.036575,30.277596
FC5712468,120.172654,30.317868
FC5712466,120.167419,30.280908
FC5712465,120.196008,30.230551
FC5712464,120.196008,30.230551
FC5712463,120.229678,30.357451
FC5712462,120.228981,30.358034
FC5712461,120.18725,30.286992
FC5712453,120.346384,30.305342
FC5712452,120.114847,30.283287
FC5712451,120.11267,30.282355
FC5712450,120.105039,30.322986
FC5712449,120.090141,30.333
FC5712448,120.090141,30.333
FC5712447,120.231938,30.185385
FC5712446,120.224727,30.182477
FC5712445,120.15331,30.36462
FC5712443,120.27151,30.18282
FC5712442,120.214301,30.307502
FC5712440,120.373626,30.273426
FC5712439,120.246907,30.312307
FC5712438,120.057398,30.285368
FC5712436,120.180329,30.293202
FC5712435,120.196883,30.318955
FC5712434,120.067172,30.289008
FC5712432,120.120004,30.286222
FC5712431,120.121892,30.283228
FC5712430,120.120004,30.286222
FC5712429,120.090491,30.323122
FC5712428,120.230767,30.347418
FC5712427,120.169432,30.254994
FC5712426,120.160996,30.13512
FC5712425,120.277318,30.30367
FC5712424,120.276966,30.303797
FC5712423,120.067618,30.285158
FC5712420,120.348657,30.305249
FC5712419,120.155107,30.291797
FC5712418,120.154416,30.291068
FC5712417,120.244161,30.309778
FC5712416,120.093205,30.31495
FC5712415,120.280374,30.303681
FC5712414,120.281383,30.30314
FC5712413,120.111692,30.269336
FC5712412,120.097723,30.268819
FC5712411,120.11093,30.268794
FC5712407,120.162457,30.160103
FC5712404,120.099262,30.299576
FC5712403,120.225464,30.183408
FC5712402,120.225331,30.182809
FC5712401,120.224605,30.183673
FC5712400,120.214301,30.307502
FC5712398,120.195678,30.343738
FC5712397,120.180245,30.259969
FC5712396,120.055424,30.244551
FC5712394,120.07348,30.28976
FC5712392,120.176553,30.245048
FC5712384,120.111676,30.306431
FC5712383,120.167676,30.270361
FC5712382,120.19555,30.234786
FC5712381,120.112811,30.305928
FC5712380,120.271821,30.129607
FC5712379,120.271821,30.129607
FC5712377,120.151315,30.179265
FC5712370,120.065791,30.340167
FC5712369,120.081985,30.127626
FC5712367,120.214689,30.246987
FC5712366,120.214689,30.246987
FC5712365,120.286211,30.165544
FC5712364,120.278436,30.307614
FC5712363,120.263428,30.1704177
FC5712361,120.190034,30.188326
FC5712360,120.190049,30.188296
FC5712359,120.190678,30.187641
FC5712358,120.135403,30.317208
FC5712355,120.08004,30.334958
FC5712354,120.034411,30.244345
FC5712353,120.100218,30.280755
FC5712352,120.164124,30.267551
FC5712351,120.168652,30.270904
FC5712350,120.28527,30.3029
FC5712349,120.28527,30.3029
FC5712348,120.28527,30.3029
FC5712347,120.123751,30.343172
FC5712346,120.123751,30.343172
FC5712345,120.123751,30.343172
FC5712344,120.123751,30.343172
FC5712343,120.160052,30.239193
FC5712342,120.199753,30.303055
FC5712341,120.198553,30.3020572
FC5712340,120.203961,30.338939
FC5712338,120.203961,30.338939
FC5712337,120.274426,30.176715
FC5712335,120.264118,30.134162
FC5712333,120.163026,30.277361
FC5712332,120.223887,30.354911
FC5712331,120.242828,30.181398
FC5712326,120.137265,30.170317
FC5712325,120.137265,30.170317
FC5712324,120.344178,30.336735
FC5712323,120.344178,30.336735
FC5712316,120.067197,30.290235
FC5712315,120.218045,30.30892
FC5712312,120.025513,30.235417
FC5712311,120.068008,30.32473
FC5712310,120.041558,30.28987
FC5712309,120.069731,30.160733
FC5712308,120.159964,30.136025
FC5712307,120.178424,30.122546
FC5712304,120.170654,30.311795
FC5712303,120.20012,30.325013
FC5712300,120.064718,30.242517
FC5712299,120.283945,30.144502
FC5712298,120.218756,30.307261
FC5712297,120.218756,30.307261
FC5712296,120.224781,30.204175
FC5712295,120.227598,30.204396
FC5712294,120.233703,30.344864
FC5712292,120.183156,30.33491
FC5712291,120.188094,30.229869
FC5712290,120.188094,30.229869
FC5712289,120.236041,30.189262
FC5712288,120.234105,30.18763
FC5712287,120.236041,30.189262
FC5712286,120.236041,30.189262
FC5712285,120.236041,30.189262
FC5712284,120.234105,30.18763
FC5712283,120.347024,30.316718
FC5712282,120.347024,30.316718
FC5712280,120.209056,30.299457
FC5712279,120.214044,30.2985026
FC5712278,120.209356,30.301342
FC5712276,120.207338,30.187921
FC5712275,120.207338,30.187921
FC5712274,120.220589,30.314056
FC5712271,120.196623,30.207453
FC5712269,120.122914,30.32184
FC5712268,120.035442,30.142528
FC5712267,120.055214,30.138266
FC5712266,120.190982,30.269761
FC5712265,120.176478,30.270723
FC5712264,120.28435,30.149133
FC5712261,120.150539,30.284207
FC5712259,120.193683,30.259005
FC5712258,120.130752,30.285474
FC5712257,120.159443,30.187608
FC5712256,120.22812,30.20314
FC5712255,120.163403,30.1875303
FC5712252,120.186145,30.288655
FC5712251,120.193555,30.230404
FC5712250,120.193928,30.229305
FC5712249,120.192206,30.230118
FC5712248,120.193017,30.230815
FC5712247,120.192502,30.230263
FC5712246,120.128219,30.29559
FC5712245,120.276481,30.164179
FC5712244,120.042173,30.289544
FC5712242,120.364559,30.331589
FC5712241,120.374089,30.302622
FC5712240,120.373326,30.304402
FC5712239,120.149172,30.179828
FC5712238,120.182783,30.188153
FC5712236,120.220961,30.207822
FC5712235,120.220961,30.207822
FC5712234,120.026416,30.237409
FC5712233,120.025513,30.235417
FC5712232,120.026847,30.2361428
FC5712231,120.084716,30.360641
FC5712229,120.084716,30.360641
FC5712228,120.069304,30.150389
FC5712227,120.120585,30.275978
FC5712226,120.100286,30.275117
FC5712224,120.11286,30.281607
FC5712223,120.043026,30.292055
FC5712222,120.120591,30.275821
FC5712221,120.043026,30.292054
FC5712220,120.120591,30.275824
FC5712219,120.099484,30.30374
FC5712218,120.099484,30.30374
FC5712213,120.234967,30.308423
FC5712212,120.347643,30.305692
FC5712211,120.346256,30.307042
FC5712210,120.089245,30.278613
FC5712205,120.207511,30.188614
FC5712204,120.208264,30.189042
FC5712203,120.208316,30.188633
FC5712202,120.095643,30.340708
FC5712201,120.144034,30.255983
FC5712200,120.18432,30.25824
FC5712198,120.080817,30.334631
FC5712197,120.192119,30.285516
FC5712196,120.177148,30.272284
FC5712194,120.144183,30.176429
FC5712193,120.144183,30.176429
FC5712192,120.214286,30.314665
FC5712188,120.065791,30.340167
FC5712187,120.06839,30.342388
FC5712186,120.069129,30.340079
FC5712185,120.068495,30.337168
FC5712184,120.068495,30.337168
FC5712183,120.053911,30.13876
FC5712180,120.059994,30.142671
FC5712179,120.091374,30.32628
FC5712177,120.041417,30.24597
FC5712175,120.273591,30.213477
FC5712173,120.267432,30.314956
FC5712172,120.173746,30.322981
FC5712171,120.20205,30.1891351
FC5712169,120.103147,30.281409
FC5712168,120.060627,30.14406
FC5712167,120.201179,30.188041
FC5712166,120.084716,30.360641
FC5712165,120.106701,30.281201
FC5712164,120.084072,30.361191
FC5712163,120.225935,30.269679
FC5712162,120.172883,30.315967
FC5712161,120.132294,30.309402
FC5712160,120.130464,30.309566
FC5712159,120.129444,30.309818
FC5712158,120.133099,30.308536
FC5712156,120.191214,30.339814
FC5712155,120.178489,30.305452
FC5712154,120.201894,30.233638
FC5712153,120.183057,30.313211
FC5712152,120.145987,30.303955
FC5712150,120.272731,30.182064
FC5712148,120.164375,30.172814
FC5712147,120.166362,30.17203
FC5712146,120.17128,30.25365
FC5712145,120.150995,30.161355
FC5712144,120.069748,30.322515
FC5712143,120.069855,30.322095
FC5712142,120.327173,30.310943
FC5712140,120.203513,30.2342038
FC5712139,120.202505,30.2330588
FC5712137,120.205269,30.232988
FC5712136,120.124951,30.271538
FC5712135,120.246355,30.241788
FC5712134,120.15703,30.176994
FC5712133,120.2664,30.171041
FC5712132,120.104371,30.268428
FC5712131,120.154986,30.1770836
FC5712130,120.090453,30.276396
FC5712129,120.122042,30.345341
FC5712128,120.326885,30.312953
FC5712127,120.140535,30.266839
FC5712126,120.143932,30.32351
FC5712125,120.267728,30.158741
FC5712124,120.191773,30.099274
FC5712123,120.191258,30.0991
FC5712122,120.191209,30.1056686
FC5712121,120.141439,30.300619
FC5712120,120.230095,30.221407
FC5712119,120.229564,30.221481
FC5712118,120.229226,30.221209
FC5712117,120.326885,30.312953
FC5712116,120.170463,30.21132
FC5712115,120.170507,30.212651
FC5712114,120.170463,30.21132
FC5712113,120.177735,30.216436
FC5712112,120.178341,30.215393
FC5712111,120.131485,30.261412
FC5712110,120.212978,30.360664
FC5712109,120.194067,30.333941
FC5712108,120.303965,30.303371
FC5712107,120.163142,30.263439
FC5712105,120.174361,30.327036
FC5712104,120.174361,30.327036
FC5712103,120.174361,30.327036
FC5712098,120.124061,30.3268031
FC5712097,120.236148,30.358695
FC5712095,120.141365,30.288215
FC5712093,120.13804,30.293972
FC5712092,120.148606,30.280589
FC5712089,120.151788,30.310202
FC5712088,120.136926,30.274667
FC5712087,120.132454,30.368968
FC5712086,120.135178,30.368672
FC5712085,120.135178,30.368672
FC5712084,120.131191,30.369221
FC5712083,120.253486,30.149244
FC5712082,120.134734,30.312977
FC5712081,120.134734,30.312977
FC5712080,120.181396,30.292545
FC5712079,120.1821,30.32869
FC5712078,120.122895,30.320794
FC5712077,120.124206,30.32104
FC5712076,120.190813,30.315561
FC5712075,120.189566,30.330069
FC5712073,120.282665,30.120156
FC5712072,120.264271,30.136403
FC5712071,120.264613,30.136801
FC5712068,120.175322,30.245747
FC5712067,120.154815,30.31078
FC5712066,120.18893,30.297253
FC5712064,120.189286,30.300914
FC5712063,120.192726,30.29747
FC5712062,120.166419,30.254737
FC5712061,120.166721,30.254911
FC5712060,120.302988,30.303244
FC5712059,120.148111,30.155918
FC5712057,120.241207,30.162038
FC5712056,120.248854,30.165208
FC5712055,120.253633,30.148676
FC5712054,120.329885,30.295538
FC5712052,120.346806,30.318067
FC5712051,120.343922,30.298328
FC5712050,120.350965,30.281914
FC5712049,120.350965,30.281914
FC5712048,120.350965,30.281914
FC5712047,120.350965,30.281914
FC5712046,120.329374,30.295664
FC5712045,120.156042,30.157748
FC5712042,120.037287,30.245442
FC5712041,120.143265,30.319594
FC5712040,120.111205,30.303314
FC5712039,120.303353,30.2741772
FC5712038,120.213712,30.215757
FC5712037,120.110369,30.302703
FC5712036,120.073787,30.281597
FC5712035,120.215707,30.217424
FC5712034,120.303532,30.2743351
FC5712033,120.073787,30.281597
FC5712030,120.215523,30.178339
FC5712028,120.096847,30.160357
FC5712024,120.186111,30.282673
FC5712022,120.209542,30.18575
FC5712020,120.145589,30.187782
FC5712019,120.182236,30.189873
FC5712018,120.244684,30.166686
FC5712017,120.282533,30.130243
FC5712016,120.283118,30.139418
FC5712015,120.282533,30.130243
FC5712014,120.283118,30.139418
FC5712013,120.26687,30.139571
FC5712012,120.326877,30.296756
FC5712009,120.053222,30.138316
FC5712008,120.052916,30.138909
FC5712007,120.03863,30.142209
FC5712004,120.13623,30.272882
FC5712002,120.145732,30.283901
FC5712001,120.145732,30.283901
FC5712000,120.177511,30.336801
FC5711998,120.170131,30.328592
FC5711997,120.110077,30.343399
FC5711996,120.186132,30.258433
FC5711995,120.255188,30.157227
FC5711993,120.256617,30.230629
FC5711992,120.256414,30.230756
FC5711991,120.121111,30.325467
FC5711990,120.256588,30.230714
FC5711987,120.216094,30.308284
FC5711986,120.213207,30.307461
FC5711985,120.24381,30.309956
FC5711984,120.193358,30.222573
FC5711983,120.193358,30.222573
FC5711982,120.253537,30.182408
FC5711981,120.192726,30.29747
FC5711980,120.269509,30.153291
FC5711979,120.269509,30.153291
FC5711978,120.198309,30.261171
FC5711977,120.276483,30.163169
FC5711976,120.113094,30.331391
FC5711975,120.113094,30.331391
FC5711974,120.113466,30.330923
FC5711973,120.2616,30.31914
FC5711972,120.2616,30.31914
FC5711971,120.170361,30.293811
FC5711970,120.169947,30.294559
FC5711969,120.171389,30.292303
FC5711968,120.12236,30.276101
FC5711965,120.161665,30.180088
FC5711963,120.236656,30.204438
FC5711962,120.265682,30.1761
FC5711961,120.066865,30.285749
FC5711959,120.136314,30.300711
FC5711958,120.188333,30.332986
FC5711957,120.347659,30.327277
FC5711956,120.383339,30.298162
FC5711955,120.173826,30.273548
FC5711954,120.16269,30.265801
FC5711953,120.364118,30.31373
FC5711952,120.364971,30.313262
FC5711951,120.364118,30.31373
FC5711950,120.044193,30.293179
FC5711949,120.176674,30.327541
FC5711948,120.049586,30.230584
FC5711947,120.051224,30.229724
FC5711946,120.377606,30.317888
FC5711945,120.207353,30.206058
FC5711944,120.211567,30.199261
FC5711943,120.21058,30.200519
FC5711941,120.213783,30.274614
FC5711940,120.192521,30.258142
FC5711939,120.192768,30.243239
FC5711937,120.211469,30.204273
FC5711936,120.21557,30.251736
FC5711935,120.217097,30.252143
FC5711934,120.216472,30.253265
FC5711933,120.21557,30.251736
FC5711931,120.154676,30.14079
FC5711930,120.155286,30.139284
FC5711928,120.157818,30.138999
FC5711927,120.155796,30.138693
FC5711926,120.154358,30.139705
FC5711925,120.157901,30.138696
FC5711924,120.260569,30.242866
FC5711923,120.246224,30.183046
FC5711922,120.246224,30.183046
FC5711921,120.253537,30.182408
FC5711920,120.206999,30.242364
FC5711919,120.225042,30.290006
FC5711918,120.221648,30.289976
FC5711917,120.221769,30.290773
FC5711916,120.221769,30.290773
FC5711913,120.049427,30.280693
FC5711912,120.049427,30.280693
FC5711909,120.214181,30.294765
FC5711906,120.130548,30.270922
FC5711905,120.068075,30.163649
FC5711904,120.067763,30.163505
FC5711903,120.068563,30.163138
FC5711902,120.185204,30.281392
FC5711899,120.134803,30.176017
FC5711892,120.106317,30.295313
FC5711891,120.103925,30.299108
FC5711890,120.102475,30.295049
FC5711889,120.104546,30.295912
FC5711888,120.103925,30.299108
FC5711887,120.103887,30.297195
FC5711884,120.250643,30.162226
FC5711883,120.255259,30.156635
FC5711882,120.233966,30.236082
FC5711881,120.233966,30.236082
FC5711880,120.189139,30.328001
FC5711879,120.098434,30.298618
FC5711878,120.192916,30.286587
FC5711876,120.184906,30.314247
FC5711873,120.175685,30.330396
FC5711872,120.099201,30.306961
FC5711871,120.132507,30.345637
FC5711870,120.269223,30.20468
FC5711868,120.238404,30.353382
FC5711867,120.147732,30.221042
FC5711866,120.161244,30.183636
FC5711863,120.225928,30.292309
FC5711862,120.225928,30.292309
FC5711861,120.019241,30.253518
FC5711860,120.162174,30.184204
FC5711859,120.197806,30.205519
FC5711858,120.197395,30.309722
FC5711857,120.206946,30.232404
FC5711856,120.206946,30.233262
FC5711855,120.234543,30.236662
FC5711854,120.23463,30.236198
FC5711853,120.253778,30.314977
FC5711852,120.207791,30.198438
FC5711851,120.207203,30.198276
FC5711839,120.166498,30.278938
FC5711837,120.036575,30.277596
FC5711836,120.169452,30.312409
FC5711832,120.202693,30.269801
FC5711831,120.161858,30.181256
FC5711829,120.178258,30.19189
FC5711825,120.215478,30.178097
FC5711822,120.229689,30.349289
FC5711821,120.225754,30.279996
FC5711820,120.229689,30.349289
FC5711816,120.3471,30.300334
FC5711815,120.157059,30.179122
FC5711813,120.14595,30.377921
FC5711809,120.125902,30.353014
FC5711808,120.180898,30.341363
FC5711807,120.132272,30.299329
FC5711806,120.176871,30.302672
FC5711805,120.174882,30.235223
FC5711804,120.202226,30.235581
FC5711803,120.102925,30.264415
FC5711802,120.358743,30.235771
FC5711801,120.203029,30.23655
FC5711800,120.189165,30.283144
FC5711799,120.17036,30.266222
FC5711795,120.169047,30.322767
FC5711792,120.316342,30.318546
FC5711791,120.325489,30.298876
FC5711790,120.325489,30.298876
FC5711789,120.336562,30.319507
FC5711788,120.390591,30.305698
FC5711787,120.335182,30.292138
FC5711786,120.335155,30.319941
FC5711784,120.330542,30.308882
FC5711783,120.332864,30.314583
FC5711782,120.35592,30.288362
FC5711781,120.343791,30.271942
FC5711780,120.375237,30.277281
FC5711776,120.177467,30.273966
FC5711773,120.350582,30.221976
FC5711772,120.151719,30.312006
FC5711771,120.171342,30.232813
FC5711770,120.123726,30.277883
FC5711768,120.179788,30.300893
FC5711767,120.0858,30.322066
FC5711766,120.111803,30.280219
FC5711762,120.118102,30.361279
FC5711761,120.111889,30.342971
FC5711759,120.178949,30.255312
FC5711757,120.190258,30.310383
FC5711755,120.269664,30.207978
FC5711754,120.196338,30.224748
FC5711753,120.282449,30.166185
FC5711752,120.20088,30.300153
FC5711751,120.175397,30.215807
FC5711750,120.286981,30.165486
FC5711747,120.167989,30.236488
FC5711746,120.192726,30.24936
FC5711745,120.329745,30.289929
FC5711744,120.115367,30.33168
FC5711743,120.115367,30.33168
FC5711742,120.115367,30.33168
FC5711741,120.11574,30.33353
FC5711739,120.343672,30.304681
FC5711738,120.356361,30.300325
FC5711737,120.247446,30.313978
FC5711736,120.132528,30.3029505
FC5711735,120.172088,30.304694
FC5711734,120.172088,30.304694
FC5711733,120.079532,30.325925
FC5711732,120.178504,30.198523
FC5711731,120.150956,30.279401
FC5711730,120.184489,30.221339
FC5711729,120.184489,30.221339
FC5711728,120.184489,30.221339
FC5711727,120.300983,30.164249
FC5711726,120.209936,30.186175
FC5711725,120.24812,30.302725
FC5711722,120.133841,30.273934
FC5711719,120.170437,30.265245
FC5711718,120.287151,30.164421
FC5711717,120.191989,30.259171
FC5711716,120.208663,30.253245
FC5711715,120.211335,30.253289
FC5711714,120.209442,30.252199
FC5711713,120.211335,30.253289
FC5711712,120.208663,30.253245
FC5711711,120.211021,30.254167
FC5711709,120.235636,30.165726
FC5711708,120.2357,30.165374
FC5711705,120.161666,30.180088
FC5711704,120.375694,30.306822
FC5711703,120.223621,30.188504
FC5711702,120.223604,30.187934
FC5711701,120.223969,30.188328
FC5711700,120.282751,30.164739
FC5711699,120.282751,30.164739
FC5711695,120.116896,30.288426
FC5711694,120.032665,30.245432
FC5711693,120.159923,30.323095
FC5711692,120.203305,30.205421
FC5711691,120.203305,30.205421
FC5711683,120.118793,30.306087
FC5711682,120.118793,30.306087
FC5711681,120.118793,30.306087
FC5711680,120.147199,30.292934
FC5711679,120.157128,30.281755
FC5711678,120.2001,30.234751
FC5711677,120.2001,30.234751
FC5711676,120.200575,30.23552
FC5711675,120.200783,30.237311
FC5711674,120.201488,30.23693
FC5711673,120.190789,30.308853
FC5711672,120.078797,30.328038
FC5711671,120.106364,30.270298
FC5711670,120.109384,30.27179
FC5711669,120.194066,30.201346
FC5711668,120.194066,30.201346
FC5711667,120.194066,30.201346
FC5711666,120.194066,30.201346
FC5711665,120.065501,30.145164
FC5711664,120.065501,30.145164
FC5711662,120.20618,30.212184
FC5711659,120.114105,30.30453
FC5711658,120.11389,30.304109
FC5711657,120.114046,30.303984
FC5711656,120.2024,30.204843
FC5711655,120.203645,30.2051619
FC5711653,120.063299,30.308838
FC5711651,120.073477,30.312938
FC5711650,120.074,30.311874
FC5711649,120.105727,30.285481
FC5711648,120.162202,30.186321
FC5711647,120.065379,30.309571
FC5711646,120.065379,30.309571
FC5711645,120.065379,30.309571
FC5711644,120.178411,30.265432
FC5711643,120.178411,30.265432
FC5711642,120.178411,30.265432
FC5711641,120.181298,30.18234
FC5711640,120.090596,30.18919
FC5711639,120.286922,30.304328
FC5711638,120.286922,30.304328
FC5711635,120.373025,30.274568
FC5711634,120.113083,30.334192
FC5711633,120.252686,30.317107
FC5711631,120.101072,30.307412
FC5711630,120.1457,30.314049
FC5711629,120.149168,30.306716
FC5711628,120.197714,30.258634
FC5711627,120.207947,30.303921
FC5711626,120.20908,30.304664
FC5711625,120.28406,30.208633
FC5711624,120.341406,30.29263
FC5711623,120.347375,30.306494
FC5711622,120.343533,30.298608
FC5711621,120.350072,30.27545
FC5711620,120.372282,30.277763
FC5711618,120.221257,30.219751
FC5711617,120.199008,30.190195
FC5711616,120.173826,30.273548
FC5711615,120.120031,30.320552
FC5711610,120.208684,30.209953
FC5711609,120.164702,30.252296
FC5711608,120.164664,30.252227
FC5711603,120.247343,30.184709
FC5711602,120.16585,30.287902
FC5711601,120.081772,30.155158
FC5711600,120.174689,30.329342
FC5711599,120.151819,30.304403
FC5711596,120.356242,30.306593
FC5711594,120.347432,30.297951
FC5711593,120.167462,30.280306
FC5711591,120.128284,30.271174
FC5711590,120.204849,30.235511
FC5711589,120.205301,30.343159
FC5711588,120.205162,30.343636
FC5711587,120.15368,30.295321
FC5711586,120.152459,30.293747
FC5711585,120.144161,30.297633
FC5711583,120.288129,30.184119
FC5711582,120.234462,30.162051
FC5711581,120.26125,30.174238
FC5711580,120.182337,30.276257
FC5711576,120.121487,30.275827
FC5711575,120.199613,30.237344
FC5711574,120.274381,30.208037
FC5711573,120.185809,30.18704
FC5711572,120.1854,30.27188
FC5711571,120.201819,30.170511
FC5711570,120.201819,30.170511
FC5711569,120.199531,30.170294
FC5711568,120.199531,30.170294
FC5711567,120.226168,30.357771
FC5711566,120.330854,30.3057
FC5711565,120.329845,30.306025
FC5711564,120.390115,30.299509
FC5711563,120.390754,30.299091
FC5711562,120.389911,30.300154
FC5711561,120.118744,30.329628
FC5711560,120.119997,30.329829
FC5711557,120.143864,30.313133
FC5711556,120.166569,30.279624
FC5711555,120.262472,30.2133
FC5711549,120.093326,30.289367
FC5711547,120.361401,30.274799
FC5711546,120.257445,30.183825
FC5711545,120.257473,30.184084
FC5711543,120.113485,30.270024
FC5711542,120.386029,30.304051
FC5711541,120.215231,30.210162
FC5711540,120.215231,30.210162
FC5711539,120.315855,30.298495
FC5711538,120.345805,30.307463
FC5711537,120.165667,30.251833
FC5711536,120.165816,30.252296
FC5711535,120.325582,30.289003
FC5711534,120.323819,30.290892
FC5711533,120.199793,30.206303
FC5711530,120.174601,30.373278
FC5711529,120.135358,30.329613
FC5711528,120.032665,30.245432
FC5711526,120.195018,30.179864
FC5711525,120.195018,30.179864
FC5711524,120.195018,30.179864
FC5711522,120.191316,30.327271
FC5711521,120.069409,30.328301
FC5711519,120.247215,30.2251904
FC5711518,120.207936,30.341563
FC5711517,120.067869,30.331903
FC5711516,120.215659,30.20497
FC5711514,120.151085,30.189937
FC5711513,120.190636,30.29883
FC5711512,120.075942,30.334425
FC5711511,120.069855,30.330693
FC5711510,120.24638,30.224592
FC5711509,120.215665,30.204967
FC5711508,120.175389,30.245308
FC5711507,120.264066,30.228797
FC5711506,120.203523,30.343382
FC5711505,120.164568,30.256768
FC5711504,120.186588,30.188111
FC5711503,120.186588,30.188111
FC5711500,120.150678,30.179416
FC5711499,120.20974,30.185721
FC5711497,120.089631,30.324935
FC5711496,120.098816,30.278095
FC5711495,120.098816,30.278095
FC5711494,120.09121,30.323054
FC5711492,120.184682,30.264949
FC5711491,120.195063,30.341345
FC5711490,120.24838,30.1732
FC5711489,120.195063,30.341345
FC5711488,120.222746,30.307355
FC5711487,120.223075,30.30686
FC5711485,120.195063,30.341345
FC5711484,120.195063,30.341345
FC5711483,120.264133,30.228907
FC5711481,120.191359,30.255802
FC5711480,120.261455,30.314569
FC5711479,120.214155,30.259715
FC5711478,120.159167,30.329608
FC5711477,120.159921,30.33033
FC5711476,120.160972,30.329986
FC5711473,120.217214,30.25299
FC5711472,120.217214,30.25299
FC5711471,120.217214,30.25299
FC5711470,120.218111,30.315014
FC5711469,120.386039,30.297697
FC5711468,120.38676,30.299423
FC5711467,120.386039,30.297697
FC5711466,120.178427,30.220868
FC5711465,120.190883,30.204353
FC5711464,120.180416,30.220575
FC5711463,120.268955,30.213966
FC5711461,120.221683,30.259331
FC5711460,120.221683,30.259331
FC5711459,120.396222,30.328958
FC5711458,120.371478,30.272683
FC5711457,120.396777,30.328976
FC5711456,120.369647,30.271
FC5711455,120.221683,30.259331
FC5711454,120.222101,30.259697
FC5711453,120.374006,30.271411
FC5711452,120.16703,30.365488
FC5711449,120.114619,30.335321
FC5711448,120.166261,30.27814
FC5711447,120.093765,30.287788
FC5711446,120.172325,30.272698
FC5711445,120.185792,30.271052
FC5711444,120.034792,30.240337
FC5711443,120.343809,30.27008
FC5711442,120.149659,30.336009
FC5711441,120.108585,30.292882
FC5711440,120.108006,30.29291
FC5711439,120.133858,30.289856
FC5711438,120.189764,30.277574
FC5711437,120.275146,30.303941
FC5711436,120.273029,30.303609
FC5711435,120.167178,30.27803
FC5711434,120.130294,30.282074
FC5711433,120.134132,30.277082
FC5711432,120.161711,30.366147
FC5711431,120.124297,30.281218
FC5711430,120.132961,30.282253
FC5711429,120.134132,30.277082
FC5711428,120.190014,30.2826
FC5711427,120.256184,30.226528
FC5711426,120.256184,30.226528
FC5711425,120.256184,30.226528
FC5711424,120.231938,30.185385
FC5711423,120.202269,30.189939
FC5711422,120.256184,30.226528
FC5711421,120.09802,30.335068
FC5711420,120.06582,30.337626
FC5711419,120.105929,30.266199
FC5711418,120.126352,30.27634
FC5711417,120.173562,30.324444
FC5711416,120.257178,30.312853
FC5711415,120.198073,30.301058
FC5711414,120.147322,30.278632
FC5711413,120.106507,30.274632
FC5711410,120.146086,30.174027
FC5711409,120.146086,30.174622
FC5711408,120.136678,30.228511
FC5711407,120.143724,30.169962
FC5711406,120.143724,30.169962
FC5711405,120.178419,30.321106
FC5711404,120.12038,30.3427623
FC5711403,120.1194,30.342615
FC5711400,120.284037,30.29823
FC5711399,120.188084,30.282031
FC5711398,120.266077,30.302547
FC5711397,120.350538,30.292674
FC5711396,120.054144,30.29056
FC5711395,120.054144,30.29056
FC5711394,120.129485,30.313223
FC5711393,120.246322,30.200897
FC5711391,120.093172,30.272981
FC5711379,120.049223,30.243018
FC5711378,120.105974,30.283525
FC5711374,120.068786,30.323925
FC5711373,120.127183,30.312186
FC5711372,120.127706,30.311707
FC5711371,120.356002,30.303375
FC5711370,120.203216,30.2311892
FC5711369,120.393291,30.33014
FC5711368,120.356002,30.303375
FC5711367,120.201148,30.232863
FC5711366,120.201148,30.232863
FC5711365,120.17184,30.306798
FC5711363,120.164664,30.252227
FC5711362,120.164664,30.252227
FC5711361,120.169884,30.261115
FC5711360,120.169804,30.259423
FC5711359,120.174361,30.327036
FC5711358,120.174361,30.327036
FC5711357,120.174361,30.327036
FC5711355,120.215707,30.217424
FC5711353,120.215707,30.217424
FC5711350,120.215117,30.217991
FC5711349,120.130642,30.3140839
FC5711343,120.347747,30.332758
FC5711342,120.347747,30.332758
FC5711341,120.159712,30.184749
FC5711340,120.190883,30.204353
FC5711339,120.192188,30.202335
FC5711338,120.192188,30.202335
FC5711337,120.172757,30.214731
FC5711335,120.274751,30.18153
FC5711334,120.252799,30.183362
FC5711332,120.235336,30.237779
FC5711331,120.289971,30.163225
FC5711330,120.235336,30.237779
FC5711329,120.274898,30.181081
FC5711328,120.253528,30.183358
FC5711327,120.076344,30.308132
FC5711326,120.081522,30.170261
FC5711325,120.081522,30.170261
FC5711323,120.380148,30.281517
FC5711322,120.383219,30.285329
FC5711321,120.393291,30.33014
FC5711320,120.380148,30.281517
FC5711317,120.178513,30.249736
FC5711316,120.156325,30.269982
FC5711312,120.368387,30.269867
FC5711311,120.368387,30.269867
FC5711309,120.378793,30.278272
FC5711308,120.167816,30.315312
FC5711307,120.130202,30.304163
FC5711306,120.170508,30.212651
FC5711305,120.125061,30.282808
FC5711304,120.170508,30.212651
FC5711303,120.154248,30.27142
FC5711302,120.125012,30.275564
FC5711301,120.165605,30.30931
FC5711300,120.167351,30.307658
FC5711294,120.215633,30.279748
FC5711292,120.17646,30.237899
FC5711291,120.388479,30.297791
FC5711289,120.056359,30.293156
FC5711288,120.286824,30.306139
FC5711287,120.087666,30.310256
FC5711285,120.238521,30.34881
FC5711284,120.238521,30.34881
FC5711283,120.232637,30.345389
FC5711282,120.15899,30.176798
FC5711281,120.218107,30.341677
FC5711279,120.159571,30.176572
FC5711278,120.154205,30.272121
FC5711277,120.247894,30.192994
FC5711276,120.212813,30.327346
FC5711275,120.141779,30.308235
FC5711274,120.154205,30.272121
FC5711273,120.212813,30.327346
FC5711272,120.163652,30.245514
FC5711271,120.247894,30.192994
FC5711270,120.267495,30.192954
FC5711269,120.200394,30.207055
FC5711268,120.26635,30.136932
FC5711266,120.150325,30.326166
FC5711265,120.35965,30.265848
FC5711264,120.230718,30.190673
FC5711263,120.219971,30.341953
FC5711262,120.179393,30.271254
FC5711261,120.086136,30.340681
FC5711260,120.10644,30.282372
FC5711259,120.177984,30.269399
FC5711258,120.171131,30.260082
FC5711257,120.214181,30.294765
FC5711256,120.154263,30.279192
FC5711255,120.147892,30.168142
FC5711254,120.169319,30.265189
FC5711253,120.388961,30.298193
FC5711252,120.388718,30.298431
FC5711250,120.160833,30.290076
FC5711249,120.237145,30.215003
FC5711248,120.183306,30.264776
FC5711247,120.208336,30.199636
FC5711246,120.178887,30.263775
FC5711245,120.213842,30.209403
FC5711244,120.254308,30.238131
FC5711243,120.192006,30.223789
FC5711242,120.152306,30.180076
FC5711241,120.192006,30.223789
FC5711240,120.288306,30.17057
FC5711239,120.202269,30.189939
FC5711238,120.288306,30.17057
FC5711237,120.147892,30.168142
FC5711236,120.2862,30.1651321
FC5711235,120.259302,30.179259
FC5711234,120.252042,30.180954
FC5711233,120.215996,30.20262
FC5711232,120.215637,30.202619
FC5711231,120.237145,30.215003
FC5711230,120.327128,30.31076
FC5711228,120.177322,30.26963
FC5711227,120.315861,30.315866
FC5711226,120.315861,30.315866
FC5711225,120.31578,30.3159
FC5711224,120.136823,30.252491
FC5711223,120.172288,30.235129
FC5711219,120.068379,30.328833
FC5711218,120.327947,30.311548
FC5711217,120.230007,30.220853
FC5711216,120.216771,30.200577
FC5711215,120.224471,30.206668
FC5711214,120.224471,30.206668
FC5711213,120.230137,30.220328
FC5711212,120.213751,30.344487
FC5711211,120.231032,30.220658
FC5711210,120.230464,30.221048
FC5711209,120.215799,30.20051
FC5711208,120.215799,30.20051
FC5711207,120.223843,30.205719
FC5711206,120.215799,30.20051
FC5711205,120.223525,30.206411
FC5711204,120.258622,30.182412
FC5711203,120.240398,30.182983
FC5711202,120.244771,30.172177
FC5711201,120.102731,30.27932
FC5711200,120.10166,30.278212
FC5711199,120.158314,30.269041
FC5711198,120.201232,30.237847
FC5711197,120.196146,30.233511
FC5711195,120.141632,30.175707
FC5711194,120.141632,30.175707
FC5711192,120.15447,30.159497
FC5711191,120.190065,30.188314
FC5711189,120.227067,30.2915348
FC5711188,120.077805,30.333681
FC5711187,120.324397,30.308526
FC5711186,120.121008,30.279717
FC5711185,120.121008,30.279717
FC5711184,120.226372,30.290672
FC5711183,120.121503,30.332566
FC5711182,120.121107,30.332214
FC5711181,120.323558,30.308592
FC5711180,120.201044,30.260764
FC5711179,120.120031,30.320552
FC5711177,120.150227,30.290623
FC5711176,120.130675,30.263622
FC5711175,120.132933,30.263016
FC5711174,120.130023,30.261644
FC5711173,120.205078,30.231767
FC5711172,120.199973,30.324124
FC5711171,120.28284,30.302871
FC5711170,120.202141,30.33437
FC5711169,120.201979,30.333938
FC5711168,120.202012,30.333397
FC5711167,120.24523,30.308246
FC5711166,120.087166,30.339152
FC5711165,120.261863,30.313257
FC5711164,120.201143,30.344249
FC5711163,120.174627,30.281598
FC5711162,120.21022,30.358815
FC5711161,120.212978,30.360664
FC5711160,120.211829,30.361775
FC5711157,120.20012,30.325013
FC5711156,120.181098,30.314309
FC5711155,120.214442,30.263474
FC5711152,120.03292,30.237491
FC5711150,120.193916,30.293455
FC5711149,120.191647,30.296133
FC5711148,120.140493,30.309658
FC5711147,120.033155,30.25353
FC5711146,120.230084,30.355347
FC5711145,120.230084,30.355347
FC5711144,120.142738,30.310352
FC5711142,120.210519,30.184402
FC5711141,120.215611,30.20293
FC5711140,120.215611,30.20293
FC5711139,120.173586,30.327544
FC5711129,120.180143,30.263992
FC5711126,120.267152,30.218905
FC5711125,120.251715,30.188958
FC5711124,120.267152,30.218905
FC5711123,120.265289,30.169498
FC5711122,120.266504,30.168482
FC5711116,120.20252,30.285222
FC5711115,120.208336,30.199636
FC5711113,120.389193,30.296267
FC5711112,120.184971,30.259456
FC5711110,120.144183,30.313362
FC5711108,120.170353,30.210033
FC5711106,120.154094,30.204353
FC5711105,120.105696,30.2744235
FC5711104,120.106507,30.274632
FC5711102,120.19392,30.329267
FC5711101,120.195191,30.327247
FC5711100,120.193001,30.322898
FC5711099,120.194557,30.3283
FC5711098,120.180439,30.220736
FC5711097,120.275572,30.157314
FC5711096,120.149113,30.281483
FC5711094,120.372304,30.30309
FC5711092,120.128,30.273
FC5711091,120.033155,30.25353
FC5711090,120.04421,30.280192
FC5711087,120.113663,30.276984
FC5711086,120.199308,30.207649
FC5711084,120.206284,30.210052
FC5711083,120.195542,30.206236
FC5711082,120.194664,30.206862
FC5711080,120.247832,30.18753
FC5711079,120.248587,30.190554
FC5711078,120.24639,30.189425
FC5711076,120.188719,30.228633
FC5711074,120.171418,30.228874
FC5711073,120.204728,30.240714
FC5711072,120.204717,30.241035
FC5711071,120.20351,30.240215
FC5711070,120.204224,30.240733
FC5711069,120.202734,30.239036
FC5711068,120.202883,30.239678
FC5711065,120.096966,30.294356
FC5711064,120.097,30.293932
FC5711063,120.347871,30.305075
FC5711062,120.095105,30.297893
FC5711061,120.094828,30.297811
FC5711059,120.213842,30.209403
FC5711055,120.018119,30.250011
FC5711054,120.16823,30.291378
FC5711053,120.168212,30.291666
FC5711052,120.12169,30.292959
FC5711051,120.093162,30.3159895
FC5711050,120.164261,30.280533
FC5711049,120.198559,30.262649
FC5711048,120.180416,30.220575
FC5711047,120.190443,30.342758
FC5711046,120.278,30.111304
FC5711045,120.177402,30.218732
FC5711044,120.031922,30.250513
FC5711042,120.098879,30.301375
FC5711041,120.186347,30.261371
FC5711040,120.198531,30.294749
FC5711039,120.089319,30.256017
FC5711038,120.238827,30.355805
FC5711037,120.143333,30.294935
FC5711035,120.147137,30.169958
FC5711034,120.344312,30.28903
FC5711033,120.098748,30.279535
FC5711031,120.27827,30.14401
FC5711028,120.212092,30.271373
FC5711024,120.231514,30.367537
FC5711019,120.232576,30.368921
FC5711017,120.106846,30.278886
FC5711016,120.369256,30.339496
FC5711015,120.19725,30.185275
FC5711014,120.129591,30.314097
FC5711013,120.133233,30.287692
FC5711012,120.264133,30.228907
FC5711011,120.248745,30.18819
FC5711010,120.129591,30.314097
FC5711008,120.258429,30.148602
FC5711007,120.25735,30.148322
FC5711006,120.143059,30.307859
FC5711005,120.143534,30.307382
FC5711004,120.145331,30.307726
FC5711003,120.231938,30.185385
FC5711002,120.135574,30.320233
FC5711001,120.195679,30.343754
FC5711000,120.073055,30.344733
FC5710998,120.176879,30.228472
FC5710997,120.176137,30.228174
FC5710996,120.112989,30.302555
FC5710995,120.24523,30.308246
FC5710992,120.245341,30.31085
FC5710991,120.244421,30.311558
FC5710990,120.101209,30.279545
FC5710986,120.345151,30.315618
FC5710983,120.267414,30.204149
FC5710981,120.215128,30.191446
FC5710980,120.154094,30.204353
FC5710978,120.267257,30.204964
FC5710977,120.185869,30.282055
FC5710976,120.181633,30.126459
FC5710975,120.185781,30.126803
FC5710974,120.279104,30.114036
FC5710973,120.189286,30.300914
FC5710972,120.101828,30.275227
FC5710971,120.251997,30.214011
FC5710970,120.056928,30.25309
FC5710968,120.112501,30.273784
FC5710967,120.051108,30.22956
FC5710964,120.143698,30.287904
FC5710963,120.18371,30.33899
FC5710962,120.253635,30.167271
FC5710961,120.081784,30.330889
FC5710960,120.071318,30.334396
FC5710958,120.247563,30.167142
FC5710957,120.190851,30.266355
FC5710956,120.189763,30.260732
FC5710955,120.178002,30.192852
FC5710954,120.371711,30.288208
FC5710953,120.113575,30.279948
FC5710950,120.142999,30.27716
FC5710949,120.174519,30.306398
FC5710947,120.108544,30.269762
FC5710946,120.182168,30.256889
FC5710945,120.123575,30.281047
FC5710944,120.178887,30.263775
FC5710943,120.072958,30.3141748
FC5710941,120.235384,30.347196
FC5710938,120.17572,30.260063
FC5710937,120.151811,30.203546
FC5710936,120.303816,30.303552
FC5710935,120.214928,30.188509
FC5710933,120.271374,30.312768
FC5710930,120.244275,30.189768
FC5710929,120.289543,30.216107
FC5710921,120.149585,30.3119
FC5710920,120.222564,30.180845
FC5710919,120.149794,30.312172
FC5710918,120.170705,30.254669
FC5710915,120.109817,30.2997325
FC5710914,120.210286,30.358925
FC5710912,120.198758,30.338155
FC5710911,120.21829,30.36613
FC5710910,120.250613,30.224864
FC5710909,120.250152,30.226266
FC5710908,120.213006,30.361247
FC5710907,120.06604,30.338604
FC5710906,120.210157,30.24192
FC5710905,120.194303,30.1892928
FC5710902,120.209754,30.264702
FC5710901,120.244898,30.3075
FC5710900,120.174426,30.346042
FC5710899,120.173489,30.347352
FC5710898,120.174426,30.346042
FC5710897,120.134104,30.305223
FC5710896,120.169001,30.346419
FC5710895,120.11286,30.281607
FC5710894,120.088463,30.327096
FC5710893,120.215987,30.197753
FC5710891,120.334444,30.305715
FC5710890,120.280655,30.303186
FC5710888,120.303958,30.302747
FC5710887,120.214522,30.199123
FC5710886,120.112421,30.299992
FC5710885,120.28345,30.208122
FC5710884,120.110915,30.3076274
FC5710883,120.265765,30.227371
FC5710881,120.11038,30.306611
FC5710880,120.203909,30.184684
FC5710878,120.086216,30.340631
FC5710877,120.210514,30.182172
FC5710874,120.203909,30.184684
FC5710873,120.091717,30.274106
FC5710872,120.246248,30.224559
FC5710871,120.24638,30.224592
FC5710870,120.11297,30.291062
FC5710869,120.166139,30.315344
FC5710868,120.103851,30.301553
FC5710865,120.1807,30.346627
FC5710864,120.183083,30.349676
FC5710863,120.14539,30.28675
FC5710862,120.289122,30.354504
FC5710858,120.242642,30.172626
FC5710857,120.284408,30.143523
FC5710856,120.282512,30.110596
FC5710854,120.263871,30.151495
FC5710853,120.19142,30.105934
FC5710852,120.197673,30.355679
FC5710850,120.268736,30.161184
FC5710848,120.157406,30.186746
FC5710847,120.179994,30.274248
FC5710846,120.169324,30.277289
FC5710844,120.24838,30.1732
FC5710843,120.180771,30.128937
FC5710842,120.269375,30.205676
FC5710841,120.179156,30.122306
FC5710840,120.179156,30.122291
FC5710839,120.267484,30.205843
FC5710838,120.269814,30.207697
FC5710836,120.193396,30.100788
FC5710835,120.145773,30.286847
FC5710832,120.29066,30.355574
FC5710830,120.110272,30.272414
FC5710828,120.136698,30.283889
FC5710827,120.122311,30.284913
FC5710826,120.244684,30.202132
FC5710825,120.202781,30.297054
FC5710824,120.14108,30.329244
FC5710821,120.191356,30.264094
FC5710820,120.076907,30.334736
FC5710819,120.075942,30.334425
FC5710818,120.260016,30.314174
FC5710817,120.186251,30.284863
FC5710815,120.182859,30.333274
FC5710814,120.185319,30.338553
FC5710813,120.187521,30.342385
FC5710812,120.187328,30.33756
FC5710811,120.187552,30.334812
FC5710810,120.136482,30.285336
FC5710808,120.104969,30.291346
FC5710807,120.104757,30.288501
FC5710800,120.124513,30.290444
FC5710799,120.138882,30.303078
FC5710798,120.163,30.18206
FC5710797,120.179788,30.278812
FC5710796,120.14667,30.310141
FC5710795,120.133029,30.325144
FC5710794,120.189963,30.29226
FC5710793,120.167816,30.315312
FC5710791,120.198372,30.289384
FC5710790,120.134551,30.289887
FC5710788,120.161363,30.284027
FC5710787,120.209442,30.252199
FC5710786,120.156756,30.299279
FC5710785,120.193601,30.250275
FC5710783,120.18352,30.272003
FC5710782,120.373626,30.273426
FC5710781,120.276845,30.165876
FC5710780,120.385577,30.299663
FC5710779,120.135574,30.320233
FC5710778,120.135574,30.320233
FC5710777,120.178167,30.214081
FC5710776,120.180344,30.215677
FC5710775,120.184759,30.217814
FC5710774,120.179582,30.214645
FC5710773,120.263231,30.302043
FC5710772,120.180411,30.217518
FC5710771,120.181745,30.218056
FC5710770,120.182292,30.216462
FC5710769,120.17903,30.216802
FC5710765,120.180528,30.218627
FC5710764,120.180528,30.218627
FC5710763,120.181675,30.216986
FC5710762,120.179528,30.21751
FC5710761,120.070755,30.323685
FC5710760,120.068592,30.326116
FC5710759,120.032322,30.248916
FC5710758,120.032322,30.248916
FC5710757,120.032322,30.248916
FC5710756,120.327043,30.306279
FC5710755,120.329,30.306
FC5710753,120.252707,30.179601
FC5710752,120.124833,30.301511
FC5710751,120.103449,30.280693
FC5710750,120.182075,30.255932
FC5710749,120.339911,30.326129
FC5710748,120.170945,30.128988
FC5710746,120.205501,30.291444
FC5710745,120.224009,30.311994
FC5710744,120.180087,30.244412
FC5710738,120.096976,30.268793
FC5710737,120.125453,30.282827
FC5710734,120.056693,30.290156
FC5710733,120.10644,30.282372
FC5710732,120.111829,30.290636
FC5710729,120.067337,30.243342
FC5710727,120.143276,30.326899
FC5710726,120.371478,30.272677
FC5710724,120.142765,30.286495
FC5710723,120.369647,30.271
FC5710722,120.170652,30.278209
FC5710721,120.246907,30.312307
FC5710720,120.134208,30.310781
FC5710719,120.134544,30.311882
FC5710718,120.113869,30.280423
FC5710717,120.114835,30.280162
FC5710716,120.18483,30.248164
FC5710715,120.122532,30.325606
FC5710714,120.150738,30.295667
FC5710713,120.122906,30.32601
FC5710712,120.130492,30.322377
FC5710711,120.158512,30.307842
FC5710709,120.136957,30.181188
FC5710708,120.137062,30.180806
FC5710707,120.289087,30.157691
FC5710706,120.27881,30.162098
FC5710704,120.150807,30.180955
FC5710703,120.198819,30.236592
FC5710702,120.17388,30.224611
FC5710701,120.086053,30.330113
FC5710700,120.087534,30.330788
FC5710698,120.099463,30.281133
FC5710697,120.098525,30.276605
FC5710692,120.238539,30.348836
FC5710691,120.122474,30.319359
FC5710690,120.122474,30.319359
FC5710689,120.064677,30.323536
FC5710686,120.143347,30.273394
FC5710685,120.198114,30.208408
FC5710684,120.165511,30.245091
FC5710683,120.252042,30.180954
FC5710680,120.10379,30.288522
FC5710674,120.35026,30.309298
FC5710673,120.254916,30.182532
FC5710672,120.170412,30.280032
FC5710671,120.172003,30.279513
FC5710670,120.172003,30.279513
FC5710669,120.136687,30.28212
FC5710666,120.076312,30.3176551
FC5710665,120.195018,30.179864
FC5710664,120.16899,30.315576
FC5710663,120.166714,30.315046
FC5710659,120.166028,30.301536
FC5710658,120.28773,30.172053
FC5710657,120.26971,30.176453
FC5710656,120.115367,30.33168
FC5710650,120.135311,30.297143
FC5710649,120.26843,30.185733
FC5710648,120.1132,30.338004
FC5710646,120.204367,30.20862
FC5710644,120.254969,30.31091
FC5710641,120.09553,30.15908
FC5710640,120.293876,30.258037
FC5710639,120.10644,30.29062
FC5710637,120.102427,30.268346
FC5710636,120.106811,30.270021
FC5710635,120.105986,30.273058
FC5710634,120.128935,30.3173014
FC5710633,120.129996,30.3179812
FC5710632,120.178774,30.214233
FC5710630,120.193181,30.291331
FC5710629,120.026713,30.245291
FC5710628,120.101209,30.279545
FC5710625,120.139325,30.26892
FC5710624,120.292064,30.25981
FC5710623,120.352449,30.227488
FC5710622,120.156008,30.282447
FC5710621,120.146722,30.284774
FC5710618,120.134209,30.297171
FC5710616,120.259302,30.179259
FC5710615,120.208564,30.237564
FC5710614,120.180077,30.164189
FC5710613,120.336239,30.305064
FC5710612,120.168332,30.256535
FC5710611,120.331422,30.308721
FC5710610,120.329508,30.308611
FC5710609,120.330485,30.308941
FC5710608,120.158023,30.179989
FC5710607,120.222,30.180264
FC5710605,120.175397,30.215807
FC5710604,120.222564,30.180845
FC5710603,120.208872,30.23732
FC5710602,120.149585,30.3119
FC5710600,120.128311,30.340177
FC5710599,120.032822,30.238265
FC5710598,120.033175,30.238141
FC5710596,120.162219,30.1877571
FC5710595,120.136093,30.280597
FC5710594,120.286221,30.178736
FC5710593,120.107459,30.298884
FC5710592,120.106728,30.298702
FC5710591,120.291293,30.16118
FC5710590,120.270349,30.220067
FC5710589,120.138572,30.303749
FC5710588,120.259699,30.167235
FC5710587,120.18655,30.268314
FC5710586,120.040897,30.291507
FC5710584,120.098912,30.302361
FC5710583,120.13574,30.178706
FC5710582,120.123922,30.281973
FC5710581,120.123922,30.281973
FC5710580,120.149465,30.29029
FC5710576,120.098803,30.299123
FC5710575,120.196311,30.169225
FC5710574,120.065864,30.337671
FC5710573,120.258848,30.182282
FC5710572,120.110369,30.302703
FC5710571,120.145304,30.185776
FC5710570,120.208117,30.208328
FC5710569,120.212388,30.268143
FC5710568,120.082051,30.253007
FC5710567,120.175883,30.216436
FC5710566,120.2184,30.255967
FC5710565,120.216223,30.255763
FC5710564,120.198097,30.20118
FC5710563,120.256986,30.182463
FC5710562,120.166076,30.319411
FC5710561,120.204818,30.285605
FC5710560,120.09991,30.33417
FC5710557,120.160226,30.368506
FC5710556,120.123507,30.273661
FC5710555,120.236731,30.350828
FC5710554,120.135839,30.300992
FC5710553,120.098123,30.322779
FC5710552,120.098876,30.321051
FC5710551,120.198364,30.188813
FC5710550,120.198013,30.189137
FC5710548,120.230985,30.371993
FC5710546,120.182414,30.259049
FC5710542,120.19045,30.188293
FC5710538,120.096842,30.296252
FC5710533,120.097561,30.177024
FC5710532,120.255003,30.307235
FC5710531,120.240219,30.183421
FC5710530,120.260948,30.31626
FC5710527,120.2616,30.31914
FC5710526,120.167191,30.297632
FC5710525,120.167705,30.296477
FC5710524,120.168511,30.296374
FC5710523,120.175701,30.289592
FC5710522,120.175103,30.289383
FC5710521,120.205779,30.339277
FC5710520,120.256582,30.145137
FC5710519,120.272414,30.179063
FC5710518,120.071658,30.322381
FC5710517,120.05422,30.241813
FC5710515,120.200382,30.243659
FC5710512,120.377606,30.317888
FC5710511,120.176563,30.234404
FC5710510,120.144432,30.318869
FC5710505,120.24482,30.183212
FC5710501,120.268439,30.198864
FC5710500,120.272596,30.147251
FC5710499,120.100538,30.296102
FC5710498,120.135166,30.326928
FC5710497,120.276051,30.192967
FC5710496,120.268439,30.198864
FC5710494,120.147871,30.290461
FC5710493,120.14665,30.290199
FC5710492,120.187306,30.245226
FC5710491,120.07022,30.31487
FC5710489,120.149365,30.278715
FC5710488,120.234133,30.349698
FC5710487,120.241092,30.350484
FC5710486,120.175883,30.216436
FC5710485,120.264118,30.134162
FC5710484,120.153576,30.287459
FC5710481,120.10672,30.296212
FC5710480,120.151546,30.3115974
FC5710476,120.140696,30.309852
FC5710474,120.215252,30.204786
FC5710473,120.071109,30.147614
FC5710472,120.072093,30.14875
FC5710471,120.073173,30.150739
FC5710470,120.172626,30.258522
FC5710468,120.118556,30.344195
FC5710466,120.11102,30.301844
FC5710465,120.132767,30.320699
FC5710463,120.248114,30.302005
FC5710462,120.145806,30.173583
FC5710460,120.18483,30.248164
FC5710459,120.179659,30.250813
FC5710458,120.179834,30.251898
FC5710453,120.131411,30.28713
FC5710452,120.084382,30.331798
FC5710451,120.164037,30.207089
FC5710450,120.272248,30.183894
FC5710448,120.37879,30.278267
FC5710447,120.380503,30.281282
FC5710446,120.356002,30.303375
FC5710444,120.383218,30.285333
FC5710442,120.356002,30.303375
FC5710440,120.186039,30.321181
FC5710439,120.162856,30.242205
FC5710438,120.184979,30.328956
FC5710437,120.136663,30.276651
FC5710436,120.285168,30.307225
FC5710435,120.330121,30.314575
FC5710434,120.133247,30.326884
FC5710433,120.330255,30.313181
FC5710432,120.123791,30.335437
FC5710426,120.207805,30.238752
FC5710423,120.192564,30.290227
FC5710421,120.170434,30.257737
FC5710420,120.165603,30.210661
FC5710418,120.176016,30.260119
FC5710416,120.199308,30.207649
FC5710415,120.218636,30.208176
FC5710414,120.228843,30.345762
FC5710412,120.220866,30.209146
FC5710411,120.220532,30.209763
FC5710410,120.175648,30.217272
FC5710409,120.176522,30.217173
FC5710408,120.222259,30.206478
FC5710407,120.161745,30.240123
FC5710406,120.326764,30.31441
FC5710403,120.068565,30.331839
FC5710402,120.075942,30.334425
FC5710401,120.067243,30.329941
FC5710400,120.069755,30.330659
FC5710399,120.075755,30.333941
FC5710398,120.332475,30.299329
FC5710395,120.171492,30.278354
FC5710394,120.170263,30.279476
FC5710393,120.170962,30.280076
FC5710392,120.172003,30.279513
FC5710391,120.347872,30.304365
FC5710390,120.356225,30.305958
FC5710388,120.205483,30.291393
FC5710387,120.205483,30.291393
FC5710386,120.206465,30.290088
FC5710385,120.253742,30.231407
FC5710382,120.160529,30.330449
FC5710380,120.161367,30.272037
FC5710379,120.161466,30.272559
FC5710378,120.160818,30.274222
FC5710377,120.16356,30.269514
FC5710376,120.26006,30.181569
FC5710375,120.277376,30.305391
FC5710374,120.277325,30.30359
FC5710373,120.257784,30.182265
FC5710372,120.393095,30.329783
FC5710371,120.368387,30.269867
FC5710370,120.368387,30.269867
FC5710369,120.192324,30.2274739
FC5710368,120.207701,30.273392
FC5710366,120.204776,30.209876
FC5710360,120.168395,30.256255
FC5710359,120.208993,30.213697
FC5710358,120.20988,30.278631
FC5710357,120.150032,30.279246
FC5710356,120.180008,30.246488
FC5710355,120.202032,30.283225
FC5710354,120.209638,30.264194
FC5710353,120.103264,30.323461
FC5710352,120.209638,30.264194
FC5710351,120.379024,30.284517
FC5710350,120.205962,30.286777
FC5710349,120.067995,30.324541
FC5710348,120.13494,30.175877
FC5710347,120.060557,30.145081
FC5710346,120.06869,30.323267
FC5710345,120.163303,30.289631
FC5710344,120.105592,30.270236
FC5710343,120.106267,30.268422
FC5710342,120.283094,30.30478
FC5710341,120.182947,30.337215
FC5710340,120.283006,30.306948
FC5710339,120.173035,30.224762
FC5710338,120.112221,30.297676
FC5710337,120.209754,30.264702
FC5710335,120.196205,30.296051
FC5710333,120.210101,30.358824
FC5710332,120.212212,30.360167
FC5710331,120.211934,30.362513
FC5710330,120.169452,30.312409
FC5710328,120.097834,30.265735
FC5710324,120.130131,30.262001
FC5710323,120.179679,30.268107
FC5710322,120.20723,30.261245
FC5710321,120.207204,30.262451
FC5710320,120.133442,30.288944
FC5710319,120.197456,30.288525
FC5710318,120.20162,30.243644
FC5710317,120.161093,30.293803
FC5710315,120.268321,30.161376
FC5710312,120.160972,30.329986
FC5710311,120.160529,30.330449
FC5710308,120.386103,30.311965
FC5710307,120.389292,30.305607
FC5710306,120.375064,30.303989
FC5710305,120.383454,30.306346
FC5710304,120.267002,30.143644
FC5710303,120.265373,30.180432
FC5710302,120.283568,30.179929
FC5710300,120.284814,30.164574
FC5710299,120.261308,30.145444
FC5710298,120.175581,30.273458
FC5710297,120.179129,30.242693
FC5710296,120.203705,30.340599
FC5710295,120.201137,30.325764
FC5710292,120.263116,30.136443
FC5710291,120.271149,30.14116
FC5710287,120.167746,30.209254
FC5710286,120.042181,30.239423
FC5710285,120.03318,30.247139
FC5710281,120.186797,30.287288
FC5710279,120.191286,30.295931
FC5710278,120.155007,30.293071
FC5710277,120.329708,30.317527
FC5710276,120.327417,30.316607
FC5710275,120.333212,30.318132
FC5710274,120.132875,30.177652
FC5710273,120.329581,30.316257
FC5710272,120.170655,30.266952
FC5710271,120.169432,30.254994
FC5710270,120.17865,30.2831
FC5710269,120.199716,30.292815
FC5710268,120.212536,30.274056
FC5710266,120.136143,30.282682
FC5710265,120.137612,30.282893
FC5710261,120.208699,30.207294
FC5710260,120.202854,30.287855
FC5710259,120.330328,30.291024
FC5710258,120.115929,30.262027
FC5710256,120.231383,30.1912562
FC5710255,120.191143,30.315532
FC5710253,120.220428,30.307578
FC5710252,120.220428,30.307578
FC5710251,120.222026,30.306827
FC5710250,120.22125,30.21975
FC5710249,120.215514,30.212818
FC5710248,120.199839,30.261884
FC5710247,120.199817,30.262116
FC5710246,120.246933,30.182222
FC5710245,120.208914,30.182109
FC5710244,120.039988,30.290923
FC5710242,120.034113,30.245408
FC5710241,120.353102,30.335304
FC5710240,120.353102,30.335304
FC5710238,120.026713,30.245291
FC5710237,120.098397,30.280191
FC5710236,120.199616,30.187907
FC5710235,120.082954,30.337547
FC5710234,120.083147,30.332083
FC5710233,120.082246,30.332717
FC5710232,120.213553,30.216161
FC5710231,120.215643,30.217471
FC5710230,120.215707,30.217424
FC5710228,120.334526,30.302301
FC5710227,120.19871,30.280398
FC5710226,120.17233,30.254508
FC5710225,120.207081,30.262626
FC5710222,120.198365,30.173196
FC5710221,120.151036,30.182734
FC5710216,120.057455,30.291228
FC5710215,120.059688,30.289132
FC5710214,120.132354,30.303235
FC5710213,120.207031,30.232404
FC5710212,120.268891,30.203717
FC5710211,120.201602,30.356631
FC5710210,120.114518,30.299607
FC5710209,120.207152,30.359627
FC5710207,120.076644,30.3174674
FC5710206,120.063299,30.308838
FC5710205,120.121774,30.345633
FC5710204,120.165135,30.296516
FC5710203,120.117618,30.320966
FC5710202,120.112267,30.334814
FC5710201,120.26949,30.326592
FC5710200,120.207035,30.265468
FC5710199,120.206053,30.265664
FC5710198,120.207322,30.264284
FC5710197,120.206968,30.264113
FC5710196,120.099396,30.269636
FC5710195,120.195685,30.2335934
FC5710193,120.184047,30.234401
FC5710192,120.192913,30.2365733
FC5710191,120.194112,30.235111
FC5710190,120.197696,30.235505
FC5710189,120.197238,30.2337676
FC5710188,120.064162,30.290061
FC5710187,120.063234,30.289204
FC5710179,120.170868,30.258689
FC5710178,120.171932,30.263828
FC5710177,120.091736,30.2724639
FC5710176,120.257976,30.320592
FC5710169,120.25763,30.31919
FC5710168,120.122459,30.349566
FC5710167,120.104806,30.268136
FC5710166,120.190713,30.270269
FC5710165,120.198017,30.208483
FC5710164,120.222941,30.270825
FC5710163,120.198866,30.2346714
FC5710162,120.160175,30.208078
FC5710161,120.200781,30.323081
FC5710160,120.168682,30.235438
FC5710159,120.110626,30.3086344
FC5710158,120.371478,30.272683
FC5710156,120.369647,30.271
FC5710155,120.072713,30.343172
FC5710154,120.070831,30.344477
FC5710153,120.072868,30.344542
FC5710152,120.192989,30.237592
FC5710151,120.166261,30.27814
FC5710149,120.108601,30.299542
FC5710147,120.146919,30.170048
FC5710146,120.211778,30.211877
FC5710145,120.196754,30.296078
FC5710144,120.198758,30.338155
FC5710143,120.204874,30.337333
FC5710141,120.10321,30.281013
FC5710140,120.200394,30.207055
FC5710139,120.112812,30.3059301
FC5710138,120.112233,30.305854
FC5710137,120.210075,30.241748
FC5710134,120.020285,30.247262
FC5710133,120.279681,30.306826
FC5710132,120.141433,30.300611
FC5710131,120.276051,30.192967
FC5710130,120.213944,30.197443
FC5710129,120.215161,30.1983
FC5710128,120.292456,30.231673
FC5710127,120.267945,30.208052
FC5710126,120.176109,30.323908
FC5710125,120.176109,30.323908
FC5710124,120.176109,30.323908
FC5710123,120.029028,30.252287
FC5710122,120.04429,30.293332
FC5710121,120.192677,30.287826
FC5710118,120.021472,30.245916
FC5710117,120.020823,30.24563
FC5710116,120.022556,30.241365
FC5710113,120.121169,30.347918
FC5710112,120.119834,30.34792
FC5710110,120.173831,30.323784
FC5710109,120.173831,30.323784
FC5710108,120.173746,30.322982
FC5710107,120.173746,30.322982
FC5710106,120.177129,30.263579
FC5710105,120.178472,30.264061
FC5710104,120.38676,30.299423
FC5710103,120.386039,30.297697
FC5710102,120.375792,30.306881
FC5710101,120.069409,30.328301
FC5710100,120.09802,30.335068
FC5710099,120.189391,30.286079
FC5710098,120.205026,30.234974
FC5710097,120.14347,30.308226
FC5710096,120.198283,30.259531
FC5710095,120.19378,30.258042
FC5710094,120.195486,30.264437
FC5710093,120.37811,30.27483
FC5710092,120.373626,30.273426
FC5710091,120.360267,30.266508
FC5710090,120.396208,30.328925
FC5710089,120.392872,30.304326
FC5710088,120.372483,30.274694
FC5710087,120.147346,30.301362
FC5710086,120.191511,30.255835
FC5710085,120.190804,30.270527
FC5710084,120.14347,30.308226
FC5710082,120.114636,30.290547
FC5710081,120.181274,30.293126
FC5710080,120.213016,30.33625
FC5710078,120.105372,30.270744
FC5710077,120.102696,30.270107
FC5710076,120.158964,30.1661406
FC5710075,120.136301,30.181871
FC5710074,120.235882,30.195335
FC5710073,120.245042,30.201083
FC5710072,120.253368,30.151222
FC5710071,120.256873,30.233515
FC5710070,120.256632,30.232478
FC5710069,120.251485,30.184536
FC5710068,120.2523,30.18274
FC5710067,120.251413,30.184659
FC5710066,120.270129,30.179986
FC5710065,120.010031,30.150392
FC5710064,120.0968,30.334651
FC5710063,120.083527,30.329505
FC5710062,120.223643,30.186906
FC5710061,120.217578,30.188537
FC5710060,120.279445,30.304673
FC5710059,120.191345,30.29628
FC5710058,120.189597,30.296915
FC5710057,120.189597,30.296915
FC5710055,120.181308,30.274218
FC5710054,120.181308,30.274218
FC5710053,120.161417,30.259308
FC5710052,120.160273,30.257108
FC5710050,120.245644,30.164354
FC5710047,120.023367,30.242724
FC5710044,120.176239,30.215191
FC5710042,120.174568,30.310361
FC5710038,120.27558,30.139322
FC5710034,120.21659,30.195452
FC5710032,120.189492,30.221908
FC5710031,120.134136,30.32328
FC5710024,120.229664,30.352703
FC5710023,120.133357,30.287269
FC5710022,120.123157,30.2729367
FC5710021,120.194797,30.179987
FC5710020,120.143885,30.313139
FC5710017,120.157558,30.296324
FC5710016,120.135318,30.329697
FC5710014,120.384169,30.289809
FC5710013,120.127626,30.308059
FC5710011,120.149106,30.307456
FC5710010,120.146865,30.321901
FC5710009,120.150834,30.321583
FC5710008,120.101065,30.289307
FC5710007,120.388716,30.298431
FC5710006,120.145773,30.312073
FC5710005,120.340725,30.325892
FC5710004,120.101997,30.286286
FC5710003,120.097306,30.269255
FC5710002,120.098556,30.2707014
571AA,120.170195,30.272189
571AD,120.165195,30.316784
571AF,120.180033,30.283228
571AG,120.069762,30.314923
571AC,120.351759,30.299524
571AQ,120.36149,30.271614
571AM,120.224483,30.277377
571AB,119.723656,30.222933
571JC,119.727373,30.243275
571KH,119.653232,30.188524
571TH,119.411457,30.182454
571TL,119.850454,30.26585
571DA,120.22635,30.360619
571K,120.227659,30.310968
571KF,120.204474,30.345528
571KC,120.256931,30.360604
571TD,120.283771,30.339547
571TN,120.284645,30.371917
571HC,120.289151,30.312496
571TM,120.271347,30.311746
571B,120.153227,30.295049
571BM,120.172046,30.24207
571CAE,120.174417,30.18615
571FC,120.243645,30.179955
571FN,120.294564,30.188352
571LD,120.240426,30.19757
571FT,120.199184,30.172363
571KB,120.175753,30.185941
571CS,120.169852,30.266425
571D,120.190993,30.327203
571DC,120.098763,30.335213
571CC,120.29487,30.146287
571FQ,120.318156,30.152447
571HK,120.257152,30.112297
571E,120.172749,30.257362
571EA,120.187072,30.254915
571HB,120.359173,30.335769
571KT,120.364923,30.312033
571DB,120.16776,30.365831
571DJ,120.180269,30.338361
571H,120.311118,30.439248
571TF,120.296731,30.413447
571TQ,120.320721,30.376541
571FF,120.158672,30.179412
571FH,120.1688,30.131395
571FL,120.167427,30.160119
571FJ,119.457468,29.940795
571SC,119.621565,29.843054
571FG,120.545672,30.222984
571MQ,120.550597,30.263645
571NF,120.100018,30.358231
571NG,120.090973,30.431154
571FA,120.285015,30.196142
571FP,120.293598,30.211905
571HJ,120.247679,30.213833
571LB,120.283813,30.237713
571QKA,120.098736,30.358036
571QKB,120.454531,30.18468
571QKC,120.052285,30.237676
571QKD,120.349753,30.28692
571QKE,120.215111,30.195836
571QKF,120.224531,30.277308
571QKG,119.980681,30.281287
571FM,120.198777,30.17726
571FD,120.262766,30.059052
571FR,120.187984,30.059641
571FS,120.252013,29.978357
571LH,120.274415,30.106895
571SH,120.171332,29.939149
571FK,119.736922,29.982037
571G,119.946198,30.069818
571GB,120.055608,30.060472
571GC,119.926372,30.020127
571HG,119.923067,30.050968
571SB,119.993716,30.011325
571SD,119.932777,30.097367
571CK,120.23798,30.213861
571CL,120.215986,30.194445
571FB,120.212831,30.178893
571CD,120.097741,30.271823
571HN,120.048348,30.279258
571J,120.132623,30.275413
571JB,120.138786,30.284599
571KA,120.203519,30.292034
571KL,120.152455,30.289222
571FE,120.484657,30.28075
571MC,120.454102,30.311023
571MF,120.440068,30.264071
571M,120.460888,30.183915
571MB,120.409169,30.18609
571MD,120.538833,30.164623
571NA,119.972699,30.381122
571NE,120.0411,30.382487
571NC,120.24931,30.315765
571P,120.189518,30.256537
571PB,120.211887,30.257547
571PC,120.185993,30.269826
571PD,120.177383,30.225181
571AJ,120.117543,30.272406
571KJ,120.126977,30.272513
571PF,120.202661,30.237306
571PG,120.088806,30.163496
571PH,120.205643,30.266666
571AE,120.03601,30.245226
571HP,120.024508,30.274584
571QF,120.052285,30.237862
571QA,120.133996,30.299352
571QC,120.098323,30.335426
571QD,120.109062,30.306587
571QE,120.119576,30.32047
571QM,120.470967,30.175526
571L,119.695959,29.775404
571LA,119.717851,29.812405
571SF,119.101946,29.61445
571SA,119.299078,29.481966
571SE,119.321646,29.517133
571SP,119.233729,29.360951
571SQ,119.542059,29.612104
571ST,119.494257,29.543668
571NB,120.006505,30.234757
571NH,119.987183,30.281899
571QB,119.942036,30.255138
571FX,120.322802,30.19629
571KM,120.327544,30.222641
571TC,120.295916,30.47564
571TB,120.164123,30.395995
571TE,120.166655,30.462029
571TK,120.246504,30.372121
571TP,120.242829,30.459698
571W,120.347869,30.287007
571WA,120.41975,30.223594
571WW,120.448804,30.20992
